"","species","run","brood_year","release_location_code","hatchery_location_code","first_release_date_month","jday","avg_weight","release_stage_assigned","recovery_location_code","fishery","fishery_name","fishery_short_name","event_released","number_cwt_estimated","fate","sar","tags_lost"
"1","1","1",2015,"3F42001^^270168^R01","3F42001^^270430^H",10,279,30,"smolt","5F33207^^R7^^^^^13","21","Columbia River Gillnet","Columbia River Gillnet",47223,1.29,"fishery",2.73171971285179e-05,47221.71
"2","1","1",2017,"3F42001^^270168^R01","3F42001^^270168^H",2,32,40,"smolt","5F33207^^R7^^^^^13","21","Columbia River Gillnet","Columbia River Gillnet",37336,1.23,"fishery",3.29440754231841e-05,37334.77
"3","1","1",2021,"3F42001^^270168^R01","3F42001^^270168^H",2,32,40,"smolt","5F33207^^R7^^^^^13","21","Columbia River Gillnet","Columbia River Gillnet",64495,8.19,"fishery",0.000126986588107605,64486.81
"4","1","1",2020,"3F42001^^270168^R01","3F42001^^270168^H",2,33,40,"smolt","5F33207^^R7^^^^^13","21","Columbia River Gillnet","Columbia River Gillnet",73845,4.41,"fishery",5.97196831200488e-05,73840.59
"5","1","1",2013,"3F42001^^270168^R01","3F42001^^270168^H",2,34,40,"smolt","5F33207^^R7^^^^^13","21","Columbia River Gillnet","Columbia River Gillnet",94395,6.08,"fishery",6.44101912177552e-05,94388.92
"6","1","1",2019,"3F42001^^270168^R01","3F42001^^270168^H",2,34,40,"smolt","5F33207^^R7^^^^^13","21","Columbia River Gillnet","Columbia River Gillnet",35077,6.4,"fishery",0.00018245574022864,35070.6
"7","1","1",2018,"3F42001^^270168^R01","3F42001^^270168^H",2,42,40,"smolt","5F33207^^R7^^^^^13","21","Columbia River Gillnet","Columbia River Gillnet",71240,7.18,"fishery",0.00010078607523863,71232.82
"8","1","1",2014,"3F42001^^270168^R01","3F42001^^270168^H",8,215,40,"smolt","5F33207^^R7^^^^^13","21","Columbia River Gillnet","Columbia River Gillnet",145964,4.11,"fishery",2.81576279082513e-05,145959.89
"9","1","1",2020,"3F42001^^270168^R","3F42001^^270168^H",10,274,40,"smolt","5F33207^^R7^^^^^13","21","Columbia River Gillnet","Columbia River Gillnet",37378,1.99,"fishery",5.32398737225106e-05,37376.01
"10","1","1",2013,"3F42001^^270168^R01","3F42001^^270168^H",10,274,40,"smolt","5F33207^^R7^^^^^13","21","Columbia River Gillnet","Columbia River Gillnet",50777,1.7,"fishery",3.34797250723753e-05,50775.3
"11","1","1",2016,"3F42001^^270168^R01","3F42001^^270168^H",10,278,40,"smolt","5F33207^^R7^^^^^13","21","Columbia River Gillnet","Columbia River Gillnet",99317,5.35,"fishery",5.38679178791144e-05,99311.65
"12","1","1",2017,"3F42001^^270168^R01","3F42001^^270168^H",10,290,40,"smolt","5F33207^^R7^^^^^13","21","Columbia River Gillnet","Columbia River Gillnet",75642,2.46,"fishery",3.25216149758071e-05,75639.54
"13","1","1",2021,"3F42001^^270168^R01","3F42001^^270168^H",2,32,50,"smolt","5F33207^^R7^^^^^13","21","Columbia River Gillnet","Columbia River Gillnet",32308,2.41,"fishery",7.4594527671165e-05,32305.59
"14","1","1",2021,"3F42001^^270168^R01","3F42001^^270168^H",2,32,60,"smolt","5F33207^^R7^^^^^13","21","Columbia River Gillnet","Columbia River Gillnet",33407,2.06,"fishery",6.16637231717904e-05,33404.94
"15","1","1",2013,"3F42001^^270168^R01","3F42001^^270168^H",10,274,40,"smolt","5F33209^^R3^^^^^13","21","Columbia River Gillnet","Columbia River Gillnet",51109,1.64,"fishery",3.20882819072962e-05,51107.36
"16","1","1",2013,"3F42001^^270168^R01","3F42001^^270168^H",2,34,40,"smolt","5F33271^^R71^^^^13","21","Columbia River Gillnet","Columbia River Gillnet",94395,4.27,"fishery",4.52354467927327e-05,94390.73
"17","1","1",2018,"3F42001^^270168^R01","3F42001^^270168^H",2,42,40,"smolt","5F33271^^R71^^^^13","21","Columbia River Gillnet","Columbia River Gillnet",35585,1.88,"fishery",5.2831249121821e-05,35583.12
"18","1","1",2020,"3F42001^^270168^R","3F42001^^270168^H",10,274,40,"smolt","5F33271^^R71^^^^13","21","Columbia River Gillnet","Columbia River Gillnet",37378,3,"fishery",8.02611161645888e-05,37375
"19","1","1",2013,"3F42001^^270168^R01","3F42001^^270168^H",10,274,40,"smolt","5F33271^^R71^^^^13","21","Columbia River Gillnet","Columbia River Gillnet",51109,1.08,"fishery",2.11313075974877e-05,51107.92
"20","1","1",2018,"3F42001^^270168^R01","3F42001^^270168^H",10,274,40,"smolt","5F33271^^R71^^^^13","21","Columbia River Gillnet","Columbia River Gillnet",32997,1.4,"fishery",4.24280995241992e-05,32995.6
"21","1","1",2016,"3F42001^^270168^R01","3F42001^^270168^H",10,278,40,"smolt","5F33271^^R71^^^^13","21","Columbia River Gillnet","Columbia River Gillnet",99317,1.17,"fishery",1.17804605455259e-05,99315.83
"22","1","1",2017,"3F42001^^270168^R01","3F42001^^270168^H",10,290,40,"smolt","5F33271^^R71^^^^13","21","Columbia River Gillnet","Columbia River Gillnet",37909,2.27,"fishery",5.98802395209581e-05,37906.73
"23","1","1",2020,"3F42001^^270168^R01","3F42001^^270168^H",2,33,50,"smolt","5F33271^^R71^^^^13","21","Columbia River Gillnet","Columbia River Gillnet",73889,9.41,"fishery",0.000127353191950087,73879.59
"24","1","1",2019,"3F42001^^270168^R01","3F42001^^270168^H",2,34,50,"smolt","5F33271^^R71^^^^13","21","Columbia River Gillnet","Columbia River Gillnet",34339,2.5,"fishery",7.28035178659833e-05,34336.5
"25","1","1",2021,"3F42001^^270168^R01","3F42001^^270168^H",2,32,60,"smolt","5F33271^^R71^^^^13","21","Columbia River Gillnet","Columbia River Gillnet",33878,1.95,"fishery",5.75594781273983e-05,33876.05
"26","1","1",2020,"3F42001^^270168^R01","3F42001^^270168^H",2,33,60,"smolt","5F33271^^R71^^^^13","21","Columbia River Gillnet","Columbia River Gillnet",31832,1.5,"fishery",4.7122392560945e-05,31830.5
"27","1","1",2018,"3F42001^^270168^R01","3F42001^^270168^H",10,274,40,"smolt","5F33274^^R74^^^^13","21","Columbia River Gillnet","Columbia River Gillnet",33193,1.43,"fishery",4.30813725785557e-05,33191.57
"28","1","1",2016,"3F42001^^270168^R01","3F42001^^270168^H",10,278,40,"smolt","5F33274^^R74^^^^13","21","Columbia River Gillnet","Columbia River Gillnet",99317,1.95,"fishery",1.96341009092099e-05,99315.05
"29","1","1",2021,"3F42001^^270168^R01","3F42001^^270168^H",2,32,60,"smolt","5F33274^^R74^^^^13","21","Columbia River Gillnet","Columbia River Gillnet",33407,2.53,"fishery",7.57326308857425e-05,33404.47
"30","1","1",2013,"3F42001^^270168^R01","3F42001^^270168^H",2,32,60,"smolt","5F33203^^R103^^^12","44","Columbia River Sport","Columbia River Sport",25220,4.1,"fishery",0.000162569389373513,25215.9
"31","1","1",2015,"3F42001^^270168^R01","3F42001^^270430^H",10,279,30,"smolt","5F33203^^R104^^^12","44","Columbia River Sport","Columbia River Sport",47223,3.03,"fishery",6.41636490693094e-05,47219.97
"32","1","1",2015,"3F42001^^270168^R01","3F42001^^270168^H",10,275,40,"smolt","5F33203^^R104^^^12","44","Columbia River Sport","Columbia River Sport",61322,2.66,"fishery",4.33775806399009e-05,61319.34
"33","1","1",2015,"3F42001^^270168^R01","3F42001^^270168^H",10,275,40,"smolt","5F33203^^R106^^^12","44","Columbia River Sport","Columbia River Sport",61322,6.43,"fishery",0.000104856332148332,61315.57
"34","1","1",2020,"3F42001^^270168^R01","3F42001^^270168^H",2,33,50,"smolt","5F33203^^R106^^^12","44","Columbia River Sport","Columbia River Sport",36983,4.07,"fishery",0.000110050563772544,36978.93
"35","1","1",2020,"3F42001^^270168^R01","3F42001^^270168^H",2,33,40,"smolt","5F33203^^R109^^^12","44","Columbia River Sport","Columbia River Sport",36749,7.64,"fishery",0.000207896813518735,36741.36
"36","1","1",2014,"3F42001^^270168^R01","3F42001^^270168^H",8,215,40,"smolt","5F33203^^R110^^^12","44","Columbia River Sport","Columbia River Sport",73182,4.1,"fishery",5.60247055286819e-05,73177.9
"37","1","1",2017,"3F42001^^270168^R01","3F42001^^270168^H",10,290,40,"smolt","5F33203^^R110^^^12","44","Columbia River Sport","Columbia River Sport",37733,5.01,"fishery",0.000132775024514351,37727.99
"38","1","1",2021,"3F42001^^270168^R01","3F42001^^270168^H",2,32,60,"smolt","5F33203^^R110^^^12","44","Columbia River Sport","Columbia River Sport",33878,4.07,"fishery",0.000120136962040262,33873.93
"39","1","1",2018,"3F42001^^270168^R01","3F42001^^270168^H",2,42,60,"smolt","5F33203^^R110^^^12","44","Columbia River Sport","Columbia River Sport",34049,3.84,"fishery",0.000112778642544568,34045.16
"40","1","1",2015,"3F42001^^270168^R01","3F42001^^270430^H",10,279,30,"smolt","5F33203^^R203^^^12","44","Columbia River Sport","Columbia River Sport",47223,2.66,"fishery",5.632848400144e-05,47220.34
"41","1","1",2016,"3F42001^^270168^R01","3F42001^^270168^H",10,278,40,"smolt","5F33203^^R203^^^12","44","Columbia River Sport","Columbia River Sport",99317,1.01,"fishery",1.0169457394001e-05,99315.99
"42","1","1",2014,"3F42001^^270168^R01","3F42001^^270168^H",8,215,40,"smolt","5F33203^^R204^^^12","44","Columbia River Sport","Columbia River Sport",73182,3.66,"fishery",5.00122981060917e-05,73178.34
"43","1","1",2013,"3F42001^^270168^R01","3F42001^^270168^H",10,274,40,"smolt","5F33203^^R204^^^12","44","Columbia River Sport","Columbia River Sport",51109,4.68,"fishery",9.15689995891135e-05,51104.32
"44","1","1",2021,"3F42001^^270168^R01","3F42001^^270168^H",10,285,40,"smolt","5F33203^^R204^^^12","44","Columbia River Sport","Columbia River Sport",36311,6.41,"fishery",0.000176530527939192,36304.59
"45","1","1",2018,"3F42001^^270168^R01","3F42001^^270168^H",2,42,40,"smolt","5F33203^^R205^^^12","44","Columbia River Sport","Columbia River Sport",35655,5.96,"fishery",0.000167157481419156,35649.04
"46","1","1",2018,"3F42001^^270168^R01","3F42001^^270168^H",2,42,40,"smolt","5F33203^^R209^^^12","44","Columbia River Sport","Columbia River Sport",35655,5.69,"fishery",0.000159584910952181,35649.31
"47","1","1",2020,"3F42001^^270168^R01","3F42001^^270168^H",2,33,50,"smolt","5F33203^^R209^^^12","44","Columbia River Sport","Columbia River Sport",36983,8.58,"fishery",0.000231998485790769,36974.42
"48","1","1",2013,"3F42001^^270168^R01","3F42001^^270168^H",2,32,60,"smolt","5F33203^^R209^^^12","44","Columbia River Sport","Columbia River Sport",25220,4.68,"fishery",0.000185567010309278,25215.32
"49","1","1",2018,"3F42001^^270168^R01","3F42001^^270168^H",2,42,60,"smolt","1M1SWSASO","25","Commercial Seine","Commercial Seine",34049,2.79,"fishery",8.19407324737878e-05,34046.21
"50","1","1",2013,"3F42001^^270168^R01","3F42001^^270168^H",2,32,60,"smolt","1M4KD","25","Commercial Seine","Commercial Seine",25220,0,"fishery",0,25220
"51","1","1",2019,"3F42001^^270168^R01","3F42001^^270168^H",2,34,40,"smolt","3F42001^^270339^R","52","Fish Trap (freshwater)","Fish Trap (freshwater)",34886,1,"hatchery",2.86647939001319e-05,34885
"52","1","1",2020,"3F42001^^270168^R","3F42001^^270168^H",10,274,40,"smolt","3F42001^^270339^R","52","Fish Trap (freshwater)","Fish Trap (freshwater)",75705,8,"hatchery",0.000105673337296083,75697
"53","1","1",2016,"3F42001^^270168^R01","3F42001^^270168^H",10,278,40,"smolt","3F42001^^270339^R","52","Fish Trap (freshwater)","Fish Trap (freshwater)",99317,1,"hatchery",1.00687696970307e-05,99316
"54","1","1",2021,"3F42001^^270168^R01","3F42001^^270168^H",10,285,40,"smolt","3F42001^^270339^R","52","Fish Trap (freshwater)","Fish Trap (freshwater)",36065,3,"hatchery",8.31831415499792e-05,36062
"55","1","1",2020,"3F42001^^270168^R01","3F42001^^270168^H",2,33,50,"smolt","3F42001^^270339^R","52","Fish Trap (freshwater)","Fish Trap (freshwater)",36983,1,"hatchery",2.70394505583647e-05,36982
"56","1","1",2019,"3F42001^^270168^R01","3F42001^^270168^H",2,34,50,"smolt","3F42001^^270339^R","52","Fish Trap (freshwater)","Fish Trap (freshwater)",33995,1,"hatchery",2.94160906015591e-05,33994
"57","1","1",2020,"3F42001^^270168^R01","3F42001^^270168^H",2,33,60,"smolt","3F42001^^270339^R","52","Fish Trap (freshwater)","Fish Trap (freshwater)",31832,1,"hatchery",3.14149283739633e-05,31831
"58","1","1",2020,"3F42001^^270168^R","3F42001^^270168^H",10,274,40,"smolt","3F42001^^270339^R10","52","Fish Trap (freshwater)","Fish Trap (freshwater)",38327,1,"hatchery",2.60912672528505e-05,38326
"59","1","1",2018,"3F42001^^270168^R01","3F42001^^270168^H",10,274,40,"smolt","3F42001^^270339^R10","52","Fish Trap (freshwater)","Fish Trap (freshwater)",32997,1,"hatchery",3.0305785374428e-05,32996
"60","1","1",2019,"3F42001^^270168^R01","3F42001^^270168^H",2,34,50,"smolt","3F42001^^270339^R10","52","Fish Trap (freshwater)","Fish Trap (freshwater)",33995,1,"hatchery",2.94160906015591e-05,33994
"61","1","1",2013,"3F42001^^270168^R01","3F42001^^270168^H",10,274,40,"smolt","3F42001^^260002^R","46","Freshwater Sport","Freshwater Sport",51109,6.35,"fishery",0.000124244262263007,51102.65
"62","1","1",2018,"3F42001^^270168^R01","3F42001^^270168^H",2,42,40,"smolt","3F42001^^270002^R","46","Freshwater Sport","Freshwater Sport",35655,7.79,"fishery",0.000218482681250876,35647.21
"63","1","1",2013,"3F42001^^270168^R01","3F42001^^270168^H",2,32,60,"smolt","3F42001^^270002^R","46","Freshwater Sport","Freshwater Sport",25220,31.45,"fishery",0.00124702616970658,25188.55
"64","1","1",2021,"3F42001^^270168^R01","3F42001^^270168^H",2,32,40,"smolt","3F42001^^270168^R01","46","Freshwater Sport","Freshwater Sport",32259,52,"fishery",0.00161195325335565,32207
"65","1","1",2018,"3F42001^^270168^R01","3F42001^^270168^H",2,42,40,"smolt","3F42001^^270168^R01","46","Freshwater Sport","Freshwater Sport",35655,5.38,"fishery",0.000150890478193802,35649.62
"66","1","1",2012,"3F42001^^270168^R01","3F42001^^270168^H",3,62,40,"smolt","3F42001^^270168^R01","46","Freshwater Sport","Freshwater Sport",42111,19.45,"fishery",0.000461874569589893,42091.55
"67","1","1",2014,"3F42001^^270168^R01","3F42001^^270168^H",8,215,40,"smolt","3F42001^^270168^R01","46","Freshwater Sport","Freshwater Sport",73182,29.55,"fishery",0.000403787816676232,73152.45
"68","1","1",2020,"3F42001^^270168^R","3F42001^^270168^H",10,274,40,"smolt","3F42001^^270168^R01","46","Freshwater Sport","Freshwater Sport",37378,44.83,"fishery",0.00119936861255284,37333.17
"69","1","1",2018,"3F42001^^270168^R01","3F42001^^270168^H",10,274,40,"smolt","3F42001^^270168^R01","46","Freshwater Sport","Freshwater Sport",32997,3.17,"fishery",9.60693396369367e-05,32993.83
"70","1","1",2016,"3F42001^^270168^R01","3F42001^^270168^H",10,278,40,"smolt","3F42001^^270168^R01","46","Freshwater Sport","Freshwater Sport",99317,3.17,"fishery",3.19179999395874e-05,99313.83
"71","1","1",2017,"3F42001^^270168^R01","3F42001^^270168^H",10,290,40,"smolt","3F42001^^270168^R01","46","Freshwater Sport","Freshwater Sport",37733,3.17,"fishery",8.40113428563856e-05,37729.83
"72","1","1",2019,"3F42001^^270168^R01","3F42001^^270168^H",10,295,40,"smolt","3F42001^^270168^R01","46","Freshwater Sport","Freshwater Sport",37087,5.38,"fishery",0.000145064308248173,37081.62
"73","1","1",2019,"3F42001^^270168^R01","3F42001^^270168^H",2,34,50,"smolt","3F42001^^270168^R01","46","Freshwater Sport","Freshwater Sport",33995,27,"fishery",0.000794234446242094,33968
"74","1","1",2017,"3F42001^^270168^R01","3F42001^^270168^H",2,32,60,"smolt","3F42001^^270168^R01","46","Freshwater Sport","Freshwater Sport",38061,3.17,"fishery",8.32873545098657e-05,38057.83
"75","1","1",2018,"3F42001^^270168^R01","3F42001^^270168^H",2,42,60,"smolt","3F42001^^270168^R01","46","Freshwater Sport","Freshwater Sport",34049,5.38,"fishery",0.000158007577315046,34043.62
"76","1","1",2017,"3F42001^^270168^R01","3F42001^^270168^H",2,32,40,"smolt","5F33307^^R3^^^^^14","46","Freshwater Sport","Freshwater Sport",37336,3.31,"fishery",8.86543818298693e-05,37332.69
"77","1","1",2021,"3F42001^^270168^R01","3F42001^^270168^H",10,285,40,"smolt","5F33307^^R3^^^^^14","46","Freshwater Sport","Freshwater Sport",36311,3.4,"fishery",9.3635537440445e-05,36307.6
"78","1","1",2015,"3F42001^^270168^R01","3F42001^^270430^H",10,279,30,"smolt","5F33307^^R4^^^^^14","46","Freshwater Sport","Freshwater Sport",47223,1,"fishery",2.11761218050526e-05,47222
"79","1","1",2019,"3F42001^^270168^R01","3F42001^^270168^H",2,34,40,"smolt","5F33307^^R4^^^^^14","46","Freshwater Sport","Freshwater Sport",34886,1,"fishery",2.86647939001319e-05,34885
"80","1","1",2018,"3F42001^^270168^R01","3F42001^^270168^H",2,42,40,"smolt","5F33307^^R4^^^^^14","46","Freshwater Sport","Freshwater Sport",35655,2.58,"fishery",7.23601177955406e-05,35652.42
"81","1","1",2015,"3F42001^^270168^R01","3F42001^^270168^H",10,275,40,"smolt","5F33307^^R4^^^^^14","46","Freshwater Sport","Freshwater Sport",61322,1,"fishery",1.63073611428199e-05,61321
"82","1","1",2016,"3F42001^^270168^R01","3F42001^^270168^H",10,278,40,"smolt","5F33307^^R4^^^^^14","46","Freshwater Sport","Freshwater Sport",147246,3,"fishery",2.03740678863942e-05,147243
"83","1","1",2018,"3F42001^^270168^R01","3F42001^^270168^H",2,42,60,"smolt","5F33307^^R4^^^^^14","46","Freshwater Sport","Freshwater Sport",34049,7.84,"fishery",0.00023025639519516,34041.16
"84","1","1",2013,"3F42001^^270168^R01","3F42001^^270168^H",2,32,60,"smolt","7M3^^^^N^^^^W^^^610","81","Groundfish Observer (Gulf of Alaska)","Groundfish Obs (Gulf AK)",25220,2,"fishery",7.93021411578113e-05,25218
"85","1","1",2014,"3F42001^^270168^R01","3F42001^^270168^H",8,215,40,"smolt","7M3^^^^N^^^^W^^^620","81","Groundfish Observer (Gulf of Alaska)","Groundfish Obs (Gulf AK)",73182,1,"fishery",1.36645623240688e-05,73181
"86","1","1",2013,"3F42001^^270168^R01","3F42001^^270168^H",2,34,40,"smolt","7M3^^^^N^^^^W^^^630","81","Groundfish Observer (Gulf of Alaska)","Groundfish Obs (Gulf AK)",47259,2,"fishery",4.23199813792082e-05,47257
"87","1","1",2020,"3F42001^^270168^R01","3F42001^^270168^H",2,33,40,"smolt","3F42001^^260002^H02","50","Hatchery","Hatchery",37096,1.01,"hatchery",2.72266551649774e-05,37094.99
"88","1","1",2013,"3F42001^^270168^R01","3F42001^^270168^H",2,34,40,"smolt","3F42001^^260002^H02","50","Hatchery","Hatchery",47259,1.01,"hatchery",2.13715905965001e-05,47257.99
"89","1","1",2018,"3F42001^^270168^R01","3F42001^^270168^H",2,42,40,"smolt","3F42001^^260002^H02","50","Hatchery","Hatchery",35655,1.01,"hatchery",2.83270228579442e-05,35653.99
"90","1","1",2016,"3F42001^^270168^R01","3F42001^^270168^H",10,278,40,"smolt","3F42001^^260002^H02","50","Hatchery","Hatchery",147246,5.08,"hatchery",3.45000882876275e-05,147240.92
"91","1","1",2018,"3F42001^^270168^R01","3F42001^^270168^H",2,42,60,"smolt","3F42001^^260002^H02","50","Hatchery","Hatchery",34049,1,"hatchery",2.93694381626479e-05,34048
"92","1","1",2015,"3F42001^^270168^R01","3F42001^^270430^H",10,279,30,"smolt","3F42001^^270002^H","50","Hatchery","Hatchery",94075,3.05,"hatchery",3.24209407387723e-05,94071.95
"93","1","1",2013,"3F42001^^270168^R01","3F42001^^270168^H",2,34,40,"smolt","3F42001^^270002^H","50","Hatchery","Hatchery",94395,3.02,"hatchery",3.19932199798718e-05,94391.98
"94","1","1",2018,"3F42001^^270168^R01","3F42001^^270168^H",2,42,40,"smolt","3F42001^^270002^H","50","Hatchery","Hatchery",35655,2.01,"hatchery",5.63735801430374e-05,35652.99
"95","1","1",2014,"3F42001^^270168^R01","3F42001^^270168^H",8,215,40,"smolt","3F42001^^270002^H","50","Hatchery","Hatchery",145964,2,"hatchery",1.37020087144775e-05,145962
"96","1","1",2013,"3F42001^^270168^R01","3F42001^^270168^H",10,274,40,"smolt","3F42001^^270002^H","50","Hatchery","Hatchery",51109,2.01,"hatchery",3.9327711361991e-05,51106.99
"97","1","1",2015,"3F42001^^270168^R01","3F42001^^270168^H",10,275,40,"smolt","3F42001^^270002^H","50","Hatchery","Hatchery",61322,1.03,"hatchery",1.67965819771045e-05,61320.97
"98","1","1",2016,"3F42001^^270168^R01","3F42001^^270168^H",10,278,40,"smolt","3F42001^^270002^H","50","Hatchery","Hatchery",294492,21.24,"hatchery",7.21242003178355e-05,294470.76
"99","1","1",2021,"3F42001^^270168^R01","3F42001^^270168^H",10,285,40,"smolt","3F42001^^270002^H","50","Hatchery","Hatchery",36311,1,"hatchery",2.75398639530721e-05,36310
"100","1","1",2017,"3F42001^^270168^R01","3F42001^^270168^H",10,290,40,"smolt","3F42001^^270002^H","50","Hatchery","Hatchery",75642,2.02,"hatchery",2.6704740752492e-05,75639.98
"101","1","1",2019,"3F42001^^270168^R01","3F42001^^270168^H",10,295,40,"smolt","3F42001^^270002^H","50","Hatchery","Hatchery",37087,1.03,"hatchery",2.77725348504867e-05,37085.97
"102","1","1",2020,"3F42001^^270168^R01","3F42001^^270168^H",2,33,50,"smolt","3F42001^^270002^H","50","Hatchery","Hatchery",36983,1,"hatchery",2.70394505583647e-05,36982
"103","1","1",2019,"3F42001^^270168^R01","3F42001^^270168^H",2,34,50,"smolt","3F42001^^270002^H","50","Hatchery","Hatchery",34339,1,"hatchery",2.91214071463933e-05,34338
"104","1","1",2017,"3F42001^^270168^R01","3F42001^^270168^H",2,32,60,"smolt","3F42001^^270002^H","50","Hatchery","Hatchery",38061,1.01,"hatchery",2.65363495441528e-05,38059.99
"105","1","1",2020,"3F42001^^270168^R01","3F42001^^270168^H",2,33,60,"smolt","3F42001^^270002^H","50","Hatchery","Hatchery",31724,1,"hatchery",3.15218761820704e-05,31723
"106","1","1",2018,"3F42001^^270168^R01","3F42001^^270168^H",2,42,60,"smolt","3F42001^^270002^H","50","Hatchery","Hatchery",34049,1.01,"hatchery",2.96631325442744e-05,34047.99
"107","1","1",2014,"3F42001^^270168^R01","3F42001^^270168^H",8,215,40,"smolt","3F42001^^270002^H03","50","Hatchery","Hatchery",73182,3,"hatchery",4.09936869722063e-05,73179
"108","1","1",2015,"3F42001^^270168^R01","3F42001^^270430^H",10,279,30,"smolt","3F42001^^270168^H","50","Hatchery","Hatchery",94075,39.31,"hatchery",0.000417858091947914,94035.69
"109","1","1",2017,"3F42001^^270168^R01","3F42001^^270168^H",2,32,40,"smolt","3F42001^^270168^H","50","Hatchery","Hatchery",74597,60.3,"hatchery",0.000808343499068327,74536.7
"110","1","1",2021,"3F42001^^270168^R01","3F42001^^270168^H",2,32,40,"smolt","3F42001^^270168^H","50","Hatchery","Hatchery",64495,169,"hatchery",0.00262035816729979,64326
"111","1","1",2020,"3F42001^^270168^R01","3F42001^^270168^H",2,33,40,"smolt","3F42001^^270168^H","50","Hatchery","Hatchery",73845,91,"hatchery",0.00123231092152482,73754
"112","1","1",2012,"3F42001^^270168^R01","3F42001^^270168^H",2,34,40,"smolt","3F42001^^270168^H","50","Hatchery","Hatchery",88322,21.09,"hatchery",0.000238785353592536,88300.91
"113","1","1",2013,"3F42001^^270168^R01","3F42001^^270168^H",2,34,40,"smolt","3F42001^^270168^H","50","Hatchery","Hatchery",94395,310.05,"hatchery",0.00328460193866201,94084.95
"114","1","1",2019,"3F42001^^270168^R01","3F42001^^270168^H",2,34,40,"smolt","3F42001^^270168^H","50","Hatchery","Hatchery",69963,97.54,"hatchery",0.00139416548747195,69865.46
"115","1","1",2018,"3F42001^^270168^R01","3F42001^^270168^H",2,42,40,"smolt","3F42001^^270168^H","50","Hatchery","Hatchery",71240,309.62,"hatchery",0.00434615384615385,70930.38
"116","1","1",2012,"3F42001^^270168^R01","3F42001^^270168^H",3,62,40,"smolt","3F42001^^270168^H","50","Hatchery","Hatchery",84283,40.12,"hatchery",0.000476015329307215,84242.88
"117","1","1",2014,"3F42001^^270168^R01","3F42001^^270168^H",8,215,40,"smolt","3F42001^^270168^H","50","Hatchery","Hatchery",145964,343.56,"hatchery",0.00235373105697295,145620.44
"118","1","1",2020,"3F42001^^270168^R","3F42001^^270168^H",10,274,40,"smolt","3F42001^^270168^H","50","Hatchery","Hatchery",75705,144.02,"hatchery",0.00190238425467274,75560.98
"119","1","1",2013,"3F42001^^270168^R01","3F42001^^270168^H",10,274,40,"smolt","3F42001^^270168^H","50","Hatchery","Hatchery",101886,134.01,"hatchery",0.00131529356339438,101751.99
"120","1","1",2018,"3F42001^^270168^R01","3F42001^^270168^H",10,274,40,"smolt","3F42001^^270168^H","50","Hatchery","Hatchery",66190,137.29,"hatchery",0.00207418038978698,66052.71
"121","1","1",2015,"3F42001^^270168^R01","3F42001^^270168^H",10,275,40,"smolt","3F42001^^270168^H","50","Hatchery","Hatchery",122889,80.57,"hatchery",0.000655632318596457,122808.43
"122","1","1",2016,"3F42001^^270168^R01","3F42001^^270168^H",10,278,40,"smolt","3F42001^^270168^H","50","Hatchery","Hatchery",294492,1119.65,"hatchery",0.00380197085150021,293372.35
"123","1","1",2021,"3F42001^^270168^R01","3F42001^^270168^H",10,285,40,"smolt","3F42001^^270168^H","50","Hatchery","Hatchery",72376,103,"hatchery",0.00142312368741019,72273
"124","1","1",2017,"3F42001^^270168^R01","3F42001^^270168^H",10,290,40,"smolt","3F42001^^270168^H","50","Hatchery","Hatchery",75642,231.55,"hatchery",0.00306113006001957,75410.45
"125","1","1",2019,"3F42001^^270168^R01","3F42001^^270168^H",10,295,40,"smolt","3F42001^^270168^H","50","Hatchery","Hatchery",74297,77.48,"hatchery",0.0010428415683002,74219.52
"126","1","1",2021,"3F42001^^270168^R01","3F42001^^270168^H",2,32,50,"smolt","3F42001^^270168^H","50","Hatchery","Hatchery",64573,95,"hatchery",0.00147120313443699,64478
"127","1","1",2020,"3F42001^^270168^R01","3F42001^^270168^H",2,33,50,"smolt","3F42001^^270168^H","50","Hatchery","Hatchery",73889,186.01,"hatchery",0.00251742478582739,73702.99
"128","1","1",2019,"3F42001^^270168^R01","3F42001^^270168^H",2,34,50,"smolt","3F42001^^270168^H","50","Hatchery","Hatchery",139261,156.83,"hatchery",0.00112615879535548,139104.17
"129","1","1",2013,"3F42001^^270168^R01","3F42001^^270168^H",2,32,60,"smolt","3F42001^^270168^H","50","Hatchery","Hatchery",50386,65.02,"hatchery",0.00129043782002937,50320.98
"130","1","1",2014,"3F42001^^270168^R01","3F42001^^270168^H",2,32,60,"smolt","3F42001^^270168^H","50","Hatchery","Hatchery",116320,36.16,"hatchery",0.000310866574965612,116283.84
"131","1","1",2017,"3F42001^^270168^R01","3F42001^^270168^H",2,32,60,"smolt","3F42001^^270168^H","50","Hatchery","Hatchery",149158,116.59,"hatchery",0.00078165435310208,149041.41
"132","1","1",2021,"3F42001^^270168^R01","3F42001^^270168^H",2,32,60,"smolt","3F42001^^270168^H","50","Hatchery","Hatchery",67285,159,"hatchery",0.0023630824106413,67126
"133","1","1",2020,"3F42001^^270168^R01","3F42001^^270168^H",2,33,60,"smolt","3F42001^^270168^H","50","Hatchery","Hatchery",63556,75,"hatchery",0.00118006167789036,63481
"134","1","1",2012,"3F42001^^270168^R01","3F42001^^270168^H",2,34,60,"smolt","3F42001^^270168^H","50","Hatchery","Hatchery",89233,4.01,"hatchery",4.49385317091211e-05,89228.99
"135","1","1",2018,"3F42001^^270168^R01","3F42001^^270168^H",2,42,60,"smolt","3F42001^^270168^H","50","Hatchery","Hatchery",139553,352.75,"hatchery",0.00252771348519917,139200.25
"136","1","1",2021,"3F42001^^270168^R01","3F42001^^270168^H",2,32,40,"smolt","3F42001^^270168^R03","50","Hatchery","Hatchery",64495,21.13,"hatchery",0.000327622296302039,64473.87
"137","1","1",2020,"3F42001^^270168^R01","3F42001^^270168^H",2,33,40,"smolt","3F42001^^270168^R03","50","Hatchery","Hatchery",73845,18.14,"hatchery",0.000245649671609452,73826.86
"138","1","1",2012,"3F42001^^270168^R01","3F42001^^270168^H",2,34,40,"smolt","3F42001^^270168^R03","50","Hatchery","Hatchery",44430,1.03,"hatchery",2.31825343236552e-05,44428.97
"139","1","1",2013,"3F42001^^270168^R01","3F42001^^270168^H",2,34,40,"smolt","3F42001^^270168^R03","50","Hatchery","Hatchery",94395,10.3,"hatchery",0.000109115948937973,94384.7
"140","1","1",2019,"3F42001^^270168^R01","3F42001^^270168^H",2,34,40,"smolt","3F42001^^270168^R03","50","Hatchery","Hatchery",69963,9.01,"hatchery",0.000128782356388377,69953.99
"141","1","1",2018,"3F42001^^270168^R01","3F42001^^270168^H",2,42,40,"smolt","3F42001^^270168^R03","50","Hatchery","Hatchery",71240,14,"hatchery",0.000196518809657496,71226
"142","1","1",2014,"3F42001^^270168^R01","3F42001^^270168^H",8,215,40,"smolt","3F42001^^270168^R03","50","Hatchery","Hatchery",145964,11.93,"hatchery",8.17324819818585e-05,145952.07
"143","1","1",2020,"3F42001^^270168^R","3F42001^^270168^H",10,274,40,"smolt","3F42001^^270168^R03","50","Hatchery","Hatchery",75705,7.02,"hatchery",9.27283534773133e-05,75697.98
"144","1","1",2013,"3F42001^^270168^R01","3F42001^^270168^H",10,274,40,"smolt","3F42001^^270168^R03","50","Hatchery","Hatchery",101886,6.18,"hatchery",6.0656027324657e-05,101879.82
"145","1","1",2018,"3F42001^^270168^R01","3F42001^^270168^H",10,274,40,"smolt","3F42001^^270168^R03","50","Hatchery","Hatchery",66190,7,"hatchery",0.000105756156519112,66183
"146","1","1",2016,"3F42001^^270168^R01","3F42001^^270168^H",10,278,40,"smolt","3F42001^^270168^R03","50","Hatchery","Hatchery",147246,6,"hatchery",4.07481357727884e-05,147240
"147","1","1",2021,"3F42001^^270168^R01","3F42001^^270168^H",10,285,40,"smolt","3F42001^^270168^R03","50","Hatchery","Hatchery",72376,20.17,"hatchery",0.000278683541505471,72355.83
"148","1","1",2019,"3F42001^^270168^R01","3F42001^^270168^H",10,295,40,"smolt","3F42001^^270168^R03","50","Hatchery","Hatchery",74297,9,"hatchery",0.000121135442884639,74288
"149","1","1",2021,"3F42001^^270168^R01","3F42001^^270168^H",2,32,50,"smolt","3F42001^^270168^R03","50","Hatchery","Hatchery",64573,22.11,"hatchery",0.000342403171604231,64550.89
"150","1","1",2020,"3F42001^^270168^R01","3F42001^^270168^H",2,33,50,"smolt","3F42001^^270168^R03","50","Hatchery","Hatchery",73889,7.01,"hatchery",9.48720377864093e-05,73881.99
"151","1","1",2019,"3F42001^^270168^R01","3F42001^^270168^H",2,34,50,"smolt","3F42001^^270168^R03","50","Hatchery","Hatchery",139261,31,"hatchery",0.000222603600433718,139230
"152","1","1",2013,"3F42001^^270168^R01","3F42001^^270168^H",2,32,60,"smolt","3F42001^^270168^R03","50","Hatchery","Hatchery",50386,4.12,"hatchery",8.17687452863891e-05,50381.88
"153","1","1",2014,"3F42001^^270168^R01","3F42001^^270168^H",2,32,60,"smolt","3F42001^^270168^R03","50","Hatchery","Hatchery",116320,2.28,"hatchery",1.96011004126547e-05,116317.72
"154","1","1",2021,"3F42001^^270168^R01","3F42001^^270168^H",2,32,60,"smolt","3F42001^^270168^R03","50","Hatchery","Hatchery",67285,15.06,"hatchery",0.000223824032102252,67269.94
"155","1","1",2020,"3F42001^^270168^R01","3F42001^^270168^H",2,33,60,"smolt","3F42001^^270168^R03","50","Hatchery","Hatchery",63556,12.09,"hatchery",0.000190225942475927,63543.91
"156","1","1",2018,"3F42001^^270168^R01","3F42001^^270168^H",2,42,60,"smolt","3F42001^^270168^R03","50","Hatchery","Hatchery",103865,12,"hatchery",0.000115534588167333,103853
"157","1","1",2016,"3F42001^^270168^R01","3F42001^^270168^H",10,278,40,"smolt","3F42001^^360126^H","50","Hatchery","Hatchery",47929,1.01,"hatchery",2.1072836904588e-05,47927.99
"158","1","1",2017,"3F42001^^270168^R01","3F42001^^270168^H",2,32,60,"smolt","3F42001^^360126^H","50","Hatchery","Hatchery",37807,1.01,"hatchery",2.67146295659534e-05,37805.99
"159","1","1",2016,"3F42001^^270168^R01","3F42001^^270168^H",10,278,40,"smolt","5F33328^^H28^^^^21","50","Hatchery","Hatchery",99317,1.01,"hatchery",1.0169457394001e-05,99315.99
"160","1","1",2019,"3F42001^^270168^R01","3F42001^^270168^H",2,34,40,"smolt","1M2PW212","20","Ocean Gillnet (non-treaty)","Ocean Gillnet non-treaty",34886,13.09,"fishery",0.000375222152152726,34872.91
"161","1","1",2018,"3F42001^^270168^R01","3F42001^^270168^H",10,274,40,"smolt","1M2PW212","20","Ocean Gillnet (non-treaty)","Ocean Gillnet non-treaty",32997,2.62,"fishery",7.94011576810013e-05,32994.38
"162","1","1",2016,"3F42001^^270168^R01","3F42001^^270168^H",10,278,40,"smolt","1M2PW212","20","Ocean Gillnet (non-treaty)","Ocean Gillnet non-treaty",99317,1.9,"fishery",1.91306624243584e-05,99315.1
"163","1","1",2020,"3F42001^^270168^R01","3F42001^^270168^H",2,33,50,"smolt","1M2PW212","20","Ocean Gillnet (non-treaty)","Ocean Gillnet non-treaty",36983,1.93,"fishery",5.21861395776438e-05,36981.07
"164","1","1",2020,"3F42001^^270168^R","3F42001^^270168^H",10,274,40,"smolt","1M1SW104^4007^^MS","40","Ocean Sport","Ocean Sport",37378,4.76,"fishery",0.000127347637647814,37373.24
"165","1","1",2014,"3F42001^^270168^R01","3F42001^^270168^H",8,215,40,"smolt","1M2LC241^^^18^^MB","40","Ocean Sport","Ocean Sport",73182,0,"fishery",0,73182
"166","1","1",2021,"3F42001^^270168^R01","3F42001^^270168^H",10,285,40,"smolt","2MN39P001KLAS^PT^07","40","Ocean Sport","Ocean Sport",36311,7.46,"fishery",0.000205447385089918,36303.54
"167","1","1",2013,"3F42001^^270168^R01","3F42001^^270168^H",2,32,60,"smolt","2MSNGP014SANG^IS^03","40","Ocean Sport","Ocean Sport",25220,4.31,"fishery",0.000170896114195083,25215.69
"168","1","1",2016,"3F42001^^270168^R01","3F42001^^270168^H",10,278,40,"smolt","2MSSVP123","40","Ocean Sport","Ocean Sport",47929,7.92,"fishery",0.000165244424043898,47921.08
"169","1","1",2013,"3F42001^^270168^R01","3F42001^^270168^H",2,34,40,"smolt","1M1","10","Ocean Troll (non-treaty)","Ocean Troll (non-treaty)",47259,0,"fishery",0,47259
"170","1","1",2014,"3F42001^^270168^R01","3F42001^^270168^H",2,32,60,"smolt","1M1NE109^10","10","Ocean Troll (non-treaty)","Ocean Troll (non-treaty)",58044,3.17,"fishery",5.46137412997037e-05,58040.83
"171","1","1",2016,"3F42001^^270168^R01","3F42001^^270168^H",10,278,40,"smolt","1M1NE109^61","10","Ocean Troll (non-treaty)","Ocean Troll (non-treaty)",47929,3.27,"fishery",6.82259175029732e-05,47925.73
"172","1","1",2021,"3F42001^^270168^R01","3F42001^^270168^H",10,285,40,"smolt","1M1NW","10","Ocean Troll (non-treaty)","Ocean Troll (non-treaty)",36311,3.01,"fishery",8.28949904987469e-05,36307.99
"173","1","1",2017,"3F42001^^270168^R01","3F42001^^270168^H",10,290,40,"smolt","1M1NW","10","Ocean Troll (non-treaty)","Ocean Troll (non-treaty)",37733,4.63,"fishery",0.000122704264171945,37728.37
"174","1","1",2017,"3F42001^^270168^R01","3F42001^^270168^H",2,32,60,"smolt","1M1NW","10","Ocean Troll (non-treaty)","Ocean Troll (non-treaty)",38061,3.91,"fishery",0.000102729828433304,38057.09
"175","1","1",2016,"3F42001^^270168^R01","3F42001^^270168^H",10,278,40,"smolt","1M1NW113^22","10","Ocean Troll (non-treaty)","Ocean Troll (non-treaty)",47929,2.4,"fishery",5.00740678920904e-05,47926.6
"176","1","1",2016,"3F42001^^270168^R01","3F42001^^270168^H",10,278,40,"smolt","1M1NW113^31","10","Ocean Troll (non-treaty)","Ocean Troll (non-treaty)",99317,3.95,"fishery",3.97716403032713e-05,99313.05
"177","1","1",2019,"3F42001^^270168^R01","3F42001^^270168^H",2,34,40,"smolt","1M1NW113^41","10","Ocean Troll (non-treaty)","Ocean Troll (non-treaty)",34886,7.16,"fishery",0.000205239924324944,34878.84
"178","1","1",2016,"3F42001^^270168^R01","3F42001^^270168^H",10,278,40,"smolt","1M1NW113^41","10","Ocean Troll (non-treaty)","Ocean Troll (non-treaty)",99317,4.79,"fishery",4.82294068487771e-05,99312.21
"179","1","1",2018,"3F42001^^270168^R01","3F42001^^270168^H",2,42,60,"smolt","1M1NW113^61","10","Ocean Troll (non-treaty)","Ocean Troll (non-treaty)",34049,4.08,"fishery",0.000119827307703604,34044.92
"180","1","1",2018,"3F42001^^270168^R01","3F42001^^270168^H",2,42,60,"smolt","1M1NW113^91","10","Ocean Troll (non-treaty)","Ocean Troll (non-treaty)",35688,4.96,"fishery",0.000138982290966151,35683.04
"181","1","1",2013,"3F42001^^270168^R01","3F42001^^270168^H",2,32,60,"smolt","1M1NW116^11","10","Ocean Troll (non-treaty)","Ocean Troll (non-treaty)",25220,2.63,"fishery",0.000104282315622522,25217.37
"182","1","1",2018,"3F42001^^270168^R01","3F42001^^270168^H",2,42,40,"smolt","1M1NW154","10","Ocean Troll (non-treaty)","Ocean Troll (non-treaty)",35655,4.08,"fishery",0.00011442995372318,35650.92
"183","1","1",2014,"3F42001^^270168^R01","3F42001^^270168^H",8,215,40,"smolt","1M1NW154","10","Ocean Troll (non-treaty)","Ocean Troll (non-treaty)",73182,3.33,"fishery",4.5502992539149e-05,73178.67
"184","1","1",2020,"3F42001^^270168^R","3F42001^^270168^H",10,274,40,"smolt","1M1NW154","10","Ocean Troll (non-treaty)","Ocean Troll (non-treaty)",37378,3.51,"fishery",9.39055059125689e-05,37374.49
"185","1","1",2016,"3F42001^^270168^R01","3F42001^^270168^H",10,278,40,"smolt","1M1NW154","10","Ocean Troll (non-treaty)","Ocean Troll (non-treaty)",99317,3.95,"fishery",3.97716403032713e-05,99313.05
"186","1","1",2016,"3F42001^^270168^R01","3F42001^^270168^H",10,278,40,"smolt","1M1NW157","10","Ocean Troll (non-treaty)","Ocean Troll (non-treaty)",99317,3.95,"fishery",3.97716403032713e-05,99313.05
"187","1","1",2018,"3F42001^^270168^R01","3F42001^^270168^H",2,42,40,"smolt","1M1SW152","10","Ocean Troll (non-treaty)","Ocean Troll (non-treaty)",35655,1.94,"fishery",5.44103211330809e-05,35653.06
"188","1","1",2014,"3F42001^^270168^R01","3F42001^^270168^H",8,215,40,"smolt","1M1SW152","10","Ocean Troll (non-treaty)","Ocean Troll (non-treaty)",73182,1.98,"fishery",2.70558334016561e-05,73180.02
"189","1","1",2018,"3F42001^^270168^R01","3F42001^^270168^H",2,42,60,"smolt","1M1SW152","10","Ocean Troll (non-treaty)","Ocean Troll (non-treaty)",34049,3.12,"fishery",9.16326470674616e-05,34045.88
"190","1","1",2021,"3F42001^^270168^R01","3F42001^^270168^H",2,32,50,"smolt","2MN06H001^^^^^^^000","10","Ocean Troll (non-treaty)","Ocean Troll (non-treaty)",64573,8.06,"fishery",0.000124819971195391,64564.94
"191","1","1",2017,"3F42001^^270168^R01","3F42001^^270168^H",10,290,40,"smolt","2MN06P001^^^^^^^000","10","Ocean Troll (non-treaty)","Ocean Troll (non-treaty)",37733,2.13,"fishery",5.64492619192749e-05,37730.87
"192","1","1",2019,"3F42001^^270168^R01","3F42001^^270168^H",2,34,50,"smolt","2MN06P001^^^^^^^000","10","Ocean Troll (non-treaty)","Ocean Troll (non-treaty)",35621,2.05,"fishery",5.75503214396002e-05,35618.95
"193","1","1",2021,"3F42001^^270168^R01","3F42001^^270168^H",2,32,60,"smolt","2MN06P001^^^^^^^000","10","Ocean Troll (non-treaty)","Ocean Troll (non-treaty)",33878,4.49,"fishery",0.000132534388098471,33873.51
"194","1","1",2021,"3F42001^^270168^R01","3F42001^^270168^H",2,32,40,"smolt","2MN06P101^^^^^^^000","10","Ocean Troll (non-treaty)","Ocean Troll (non-treaty)",32236,4.35,"fishery",0.000134942300533565,32231.65
"195","1","1",2019,"3F42001^^270168^R01","3F42001^^270168^H",2,34,40,"smolt","2MN06P101^^^^^^^000","10","Ocean Troll (non-treaty)","Ocean Troll (non-treaty)",34886,4.68,"fishery",0.000134151235452617,34881.32
"196","1","1",2018,"3F42001^^270168^R01","3F42001^^270168^H",2,42,40,"smolt","2MN06P101^^^^^^^000","10","Ocean Troll (non-treaty)","Ocean Troll (non-treaty)",35655,4.13,"fishery",0.000115832281587435,35650.87
"197","1","1",2014,"3F42001^^270168^R01","3F42001^^270168^H",8,215,40,"smolt","2MN06P101^^^^^^^000","10","Ocean Troll (non-treaty)","Ocean Troll (non-treaty)",145964,6,"fishery",4.11060261434326e-05,145958
"198","1","1",2020,"3F42001^^270168^R","3F42001^^270168^H",10,274,40,"smolt","2MN06P101^^^^^^^000","10","Ocean Troll (non-treaty)","Ocean Troll (non-treaty)",38327,4.68,"fishery",0.00012210713074334,38322.32
"199","1","1",2021,"3F42001^^270168^R01","3F42001^^270168^H",10,285,40,"smolt","2MN06P101^^^^^^^000","10","Ocean Troll (non-treaty)","Ocean Troll (non-treaty)",36065,3.29,"fishery",9.12241785664772e-05,36061.71
"200","1","1",2020,"3F42001^^270168^R01","3F42001^^270168^H",2,33,50,"smolt","2MN06P101^^^^^^^000","10","Ocean Troll (non-treaty)","Ocean Troll (non-treaty)",36906,4.68,"fishery",0.000126808649000163,36901.32
"201","1","1",2019,"3F42001^^270168^R01","3F42001^^270168^H",2,34,50,"smolt","2MN06P101^^^^^^^000","10","Ocean Troll (non-treaty)","Ocean Troll (non-treaty)",68334,8.49,"fishery",0.000124242690315216,68325.51
"202","1","1",2013,"3F42001^^270168^R01","3F42001^^270168^H",2,32,60,"smolt","2MN06P101^^^^^^^000","10","Ocean Troll (non-treaty)","Ocean Troll (non-treaty)",25220,7.42,"fishery",0.00029421094369548,25212.58
"203","1","1",2014,"3F42001^^270168^R01","3F42001^^270168^H",2,32,60,"smolt","2MN06P101^^^^^^^000","10","Ocean Troll (non-treaty)","Ocean Troll (non-treaty)",58044,3,"fishery",5.16849286747984e-05,58041
"204","1","1",2021,"3F42001^^270168^R01","3F42001^^270168^H",2,32,40,"smolt","2MN06P142^^^^^^^000","10","Ocean Troll (non-treaty)","Ocean Troll (non-treaty)",32259,4.36,"fishery",0.000135156080473666,32254.64
"205","1","1",2020,"3F42001^^270168^R01","3F42001^^270168^H",2,33,40,"smolt","2MN06P142^^^^^^^000","10","Ocean Troll (non-treaty)","Ocean Troll (non-treaty)",36749,4.68,"fishery",0.000127350404092628,36744.32
"206","1","1",2018,"3F42001^^270168^R01","3F42001^^270168^H",2,42,40,"smolt","2MN06P142^^^^^^^000","10","Ocean Troll (non-treaty)","Ocean Troll (non-treaty)",35655,4.13,"fishery",0.000115832281587435,35650.87
"207","1","1",2019,"3F42001^^270168^R01","3F42001^^270168^H",10,295,40,"smolt","2MN06P142^^^^^^^000","10","Ocean Troll (non-treaty)","Ocean Troll (non-treaty)",74297,8.6,"fishery",0.000115751645423099,74288.4
"208","1","1",2021,"3F42001^^270168^R01","3F42001^^270168^H",2,32,60,"smolt","2MN06P142^^^^^^^000","10","Ocean Troll (non-treaty)","Ocean Troll (non-treaty)",33878,3.29,"fishery",9.71131707893028e-05,33874.71
"209","1","1",2012,"3F42001^^270168^R01","3F42001^^270168^H",2,34,40,"smolt","2MS01M403^^^^^^^000","10","Ocean Troll (non-treaty)","Ocean Troll (non-treaty)",44430,2.22,"fishery",4.9966239027684e-05,44427.78
"210","1","1",2013,"3F42001^^270168^R01","3F42001^^270168^H",10,274,40,"smolt","2MS01M403^^^^^^^000","10","Ocean Troll (non-treaty)","Ocean Troll (non-treaty)",50777,2.22,"fishery",4.37205821533371e-05,50774.78
"211","1","1",2021,"3F42001^^270168^R01","3F42001^^270168^H",2,32,60,"smolt","2MS01P127^^^^^^^000","10","Ocean Troll (non-treaty)","Ocean Troll (non-treaty)",33878,6.68,"fishery",0.000197178109687703,33871.32
"212","1","1",2018,"3F42001^^270168^R01","3F42001^^270168^H",2,42,60,"smolt","2MS01P127^^^^^^^000","10","Ocean Troll (non-treaty)","Ocean Troll (non-treaty)",33981,4.84,"fishery",0.000142432535828846,33976.16
"213","1","1",2018,"3F42001^^270168^R01","3F42001^^270168^H",2,42,40,"smolt","2MS02M111^^^^^^^000","10","Ocean Troll (non-treaty)","Ocean Troll (non-treaty)",35585,4.2,"fishery",0.000118027258676409,35580.8
"214","1","1",2019,"3F42001^^270168^R01","3F42001^^270168^H",10,295,40,"smolt","2MS02M23B^^^^^^^000","10","Ocean Troll (non-treaty)","Ocean Troll (non-treaty)",37210,1.94,"fishery",5.21365224402042e-05,37208.06
"215","1","1",2016,"3F42001^^270168^R01","3F42001^^270168^H",10,278,40,"smolt","2MS02M401^^^^^^^000","10","Ocean Troll (non-treaty)","Ocean Troll (non-treaty)",99317,1.81,"fishery",1.82244731516256e-05,99315.19
"216","1","1",2020,"3F42001^^270168^R","3F42001^^270168^H",10,274,40,"smolt","2MS02P123^^^^^^^000","10","Ocean Troll (non-treaty)","Ocean Troll (non-treaty)",38327,2.4,"fishery",6.26190414068411e-05,38324.6
"217","1","1",2012,"3F42001^^270168^R01","3F42001^^270168^H",3,62,40,"smolt","3M32101","10","Ocean Troll (non-treaty)","Ocean Troll (non-treaty)",42172,1.43,"fishery",3.39087546239211e-05,42170.57
"218","1","1",2021,"3F42001^^270168^R01","3F42001^^270168^H",2,32,40,"smolt","3M32202","10","Ocean Troll (non-treaty)","Ocean Troll (non-treaty)",32259,2.78,"fishery",8.61775008524753e-05,32256.22
"219","1","1",2013,"3F42001^^270168^R01","3F42001^^270168^H",2,34,40,"smolt","3M32202","10","Ocean Troll (non-treaty)","Ocean Troll (non-treaty)",47259,4.37,"fishery",9.24691593135699e-05,47254.63
"220","1","1",2018,"3F42001^^270168^R01","3F42001^^270168^H",2,42,40,"smolt","3M32202","10","Ocean Troll (non-treaty)","Ocean Troll (non-treaty)",35585,3.63,"fishery",0.000102009273570325,35581.37
"221","1","1",2012,"3F42001^^270168^R01","3F42001^^270168^H",3,62,40,"smolt","3M32202","10","Ocean Troll (non-treaty)","Ocean Troll (non-treaty)",42111,1.88,"fishery",4.46439172662725e-05,42109.12
"222","1","1",2013,"3F42001^^270168^R01","3F42001^^270168^H",10,274,40,"smolt","3M32202","10","Ocean Troll (non-treaty)","Ocean Troll (non-treaty)",51109,2.06,"fishery",4.03060126396525e-05,51106.94
"223","1","1",2020,"3F42001^^270168^R","3F42001^^270168^H",10,274,40,"smolt","3M32303","10","Ocean Troll (non-treaty)","Ocean Troll (non-treaty)",75705,2.6,"fishery",3.43438346212271e-05,75702.4
"224","1","1",2017,"3F42001^^270168^R01","3F42001^^270168^H",10,290,40,"smolt","3M32303","10","Ocean Troll (non-treaty)","Ocean Troll (non-treaty)",37909,3.04,"fishery",8.01920388298293e-05,37905.96
"225","1","1",2014,"3F42001^^270168^R01","3F42001^^270168^H",8,215,40,"smolt","6MO^^^^^^PAPR","10","Ocean Troll (non-treaty)","Ocean Troll (non-treaty)",73182,4.62,"fishery",6.31302779371977e-05,73177.38
"226","1","1",2018,"3F42001^^270168^R01","3F42001^^270168^H",2,42,40,"smolt","2MS5SP024^^^^^^^000","39","Other Aboriginal","Other Aboriginal",35585,3.61,"fishery",0.000101447239005199,35581.39
"227","1","1",2019,"3F42001^^270168^R01","3F42001^^270168^H",2,34,40,"smolt","2MS5SP124^^^^^^^000","39","Other Aboriginal","Other Aboriginal",35077,1,"fishery",2.8508709410725e-05,35076
"228","1","1",2015,"3F42001^^270168^R01","3F42001^^270168^H",10,275,40,"smolt","7M3^^^^N^^^^W^^^630","812","Rockfish Fishery (Gulf of Alaska)","Rockfish (Gulf AK)",61322,1,"fishery",1.63073611428199e-05,61321
"229","1","1",2015,"3F42001^^270168^R01","3F42001^^270430^H",10,279,30,"smolt","3F42001^^270168^R","54","Spawning Ground","Spawning Ground",94075,22.33,"spawngr",0.000237363805474356,94052.67
"230","1","1",2012,"3F42001^^270168^R01","3F42001^^270168^H",2,34,40,"smolt","3F42001^^270168^R","54","Spawning Ground","Spawning Ground",44430,4.71,"spawngr",0.000106009453072248,44425.29
"231","1","1",2013,"3F42001^^270168^R01","3F42001^^270168^H",2,34,40,"smolt","3F42001^^270168^R","54","Spawning Ground","Spawning Ground",47259,15.91,"spawngr",0.000336655451871601,47243.09
"232","1","1",2019,"3F42001^^270168^R01","3F42001^^270168^H",2,34,40,"smolt","3F42001^^270168^R","54","Spawning Ground","Spawning Ground",69963,12.9,"spawngr",0.000184383173963381,69950.1
"233","1","1",2018,"3F42001^^270168^R01","3F42001^^270168^H",2,42,40,"smolt","3F42001^^270168^R","54","Spawning Ground","Spawning Ground",35585,42.18,"spawngr",0.00118533089785022,35542.82
"234","1","1",2014,"3F42001^^270168^R01","3F42001^^270168^H",8,215,40,"smolt","3F42001^^270168^R","54","Spawning Ground","Spawning Ground",145964,58.02,"spawngr",0.000397495272806993,145905.98
"235","1","1",2020,"3F42001^^270168^R","3F42001^^270168^H",10,274,40,"smolt","3F42001^^270168^R","54","Spawning Ground","Spawning Ground",38327,1.84,"spawngr",4.80079317452449e-05,38325.16
"236","1","1",2018,"3F42001^^270168^R01","3F42001^^270168^H",10,274,40,"smolt","3F42001^^270168^R","54","Spawning Ground","Spawning Ground",66190,25.83,"spawngr",0.000390240217555522,66164.17
"237","1","1",2016,"3F42001^^270168^R01","3F42001^^270168^H",10,278,40,"smolt","3F42001^^270168^R","54","Spawning Ground","Spawning Ground",294492,151.27,"spawngr",0.000513664208195808,294340.73
"238","1","1",2017,"3F42001^^270168^R01","3F42001^^270168^H",10,290,40,"smolt","3F42001^^270168^R","54","Spawning Ground","Spawning Ground",37733,8.68,"spawngr",0.000230037367821271,37724.32
"239","1","1",2019,"3F42001^^270168^R01","3F42001^^270168^H",10,295,40,"smolt","3F42001^^270168^R","54","Spawning Ground","Spawning Ground",37210,10.94,"spawngr",0.000294006987368987,37199.06
"240","1","1",2019,"3F42001^^270168^R01","3F42001^^270168^H",2,34,50,"smolt","3F42001^^270168^R","54","Spawning Ground","Spawning Ground",34339,10.94,"spawngr",0.000318588194181543,34328.06
"241","1","1",2014,"3F42001^^270168^R01","3F42001^^270168^H",2,32,60,"smolt","3F42001^^270168^R","54","Spawning Ground","Spawning Ground",58276,8.35,"spawngr",0.000143283684535658,58267.65
"242","1","1",2020,"3F42001^^270168^R01","3F42001^^270168^H",2,33,60,"smolt","3F42001^^270168^R","54","Spawning Ground","Spawning Ground",31832,7.43,"spawngr",0.000233412917818547,31824.57
"243","1","1",2018,"3F42001^^270168^R01","3F42001^^270168^H",2,42,60,"smolt","3F42001^^270168^R","54","Spawning Ground","Spawning Ground",68030,41.01,"spawngr",0.000602822284286344,67988.99
"244","1","1",2019,"3F42001^^270168^R01","3F42001^^270168^H",2,34,40,"smolt","3M32202","41","Sport (charter)","Sport (charter)",35077,2.38,"fishery",6.78507283975254e-05,35074.62
"245","1","1",2021,"3F42001^^270168^R01","3F42001^^270168^H",10,285,40,"smolt","3M32202","41","Sport (charter)","Sport (charter)",36065,1.79,"fishery",4.96326077914876e-05,36063.21
"246","1","1",2019,"3F42001^^270168^R01","3F42001^^270168^H",2,34,50,"smolt","3M32202","41","Sport (charter)","Sport (charter)",33995,1.73,"fishery",5.08898367406972e-05,33993.27
"247","1","1",2021,"3F42001^^270168^R01","3F42001^^270168^H",2,32,50,"smolt","3M32202","42","Sport (private)","Sport (private)",32308,3.21,"fishery",9.93561966076514e-05,32304.79
"248","1","1",2018,"3F42001^^270168^R01","3F42001^^270168^H",2,42,40,"smolt","3M32303","42","Sport (private)","Sport (private)",35655,2.81,"fishery",7.8810825971112e-05,35652.19
"249","1","1",2015,"3F42001^^270168^R01","3F42001^^270168^H",10,275,40,"smolt","3M42001^^A","42","Sport (private)","Sport (private)",61567,2.04,"fishery",3.3134633813569e-05,61564.96
"250","1","1",2018,"3F42001^^270168^R01","3F42001^^270168^H",2,42,40,"smolt","5F33220^^R20^^^^15","61","Test Fishery Net","Test Fishery Net",35655,1,"fishery",2.80465572850933e-05,35654
"251","1","1",2020,"3F42001^^270168^R01","3F42001^^270168^H",2,33,50,"smolt","5F33220^^R20^^^^15","61","Test Fishery Net","Test Fishery Net",36983,1,"fishery",2.70394505583647e-05,36982
"252","1","1",2018,"3F42001^^270168^R01","3F42001^^270168^H",2,42,60,"smolt","5F33220^^R20^^^^15","61","Test Fishery Net","Test Fishery Net",34049,1,"fishery",2.93694381626479e-05,34048
"253","1","1",2013,"3F42001^^270168^R01","3F42001^^270168^H",2,34,40,"smolt","5F33283^^R83^^^^15","61","Test Fishery Net","Test Fishery Net",47259,1,"fishery",2.11599906896041e-05,47258
"254","1","1",2014,"3F42001^^270168^R01","3F42001^^270168^H",2,32,60,"smolt","5F33283^^R83^^^^15","61","Test Fishery Net","Test Fishery Net",58044,1,"fishery",1.72283095582661e-05,58043
"255","1","1",2017,"3F42001^^270168^R01","3F42001^^270168^H",2,32,40,"smolt","3M32404","15","Treaty Troll","Treaty Troll",37261,3.31,"fishery",8.88328278897507e-05,37257.69
