"species","run","location_code","loc_col","name","region"
"1","3","3F10412^^150389^H","hatchery_location_code","BIG BEEF CR HATCHERY",6
"1","1","3F10412^^150389^H","hatchery_location_code","BIG BEEF CR HATCHERY",6
"1","3","3F10412^^160005^H","hatchery_location_code","GEORGE ADAMS HATCHERY",6
"1","7","3F10412^^160005^H","hatchery_location_code","GEORGE ADAMS HATCHERY",6
"1","1","3F10412^^160005^H","hatchery_location_code","GEORGE ADAMS HATCHERY",6
"3","4","3F10412^^160005^H","hatchery_location_code","GEORGE ADAMS HATCHERY",6
"1","3","3F10412^^160006^H","hatchery_location_code","MCKERNAN HATCHERY",6
"1","7","3F10412^^160006^H","hatchery_location_code","MCKERNAN HATCHERY",6
"5","3","3F10412^^160006^H","hatchery_location_code","MCKERNAN HATCHERY",6
"5","3","3F10412^^160217^H","hatchery_location_code","ENETAI HATCHERY",6
"1","3","3F10412^^160217^H","hatchery_location_code","ENETAI HATCHERY",6
"3","4","3F10412^^160217^H","hatchery_location_code","ENETAI HATCHERY",6
"1","2","3F10412^^160217^H","hatchery_location_code","ENETAI HATCHERY",6
"1","3","3F10412^^160222^H","hatchery_location_code","HOODSPORT HATCHERY",6
"3","4","3F10412^^160222^H","hatchery_location_code","HOODSPORT HATCHERY",6
"5","3","3F10412^^160222^H","hatchery_location_code","HOODSPORT HATCHERY",6
"1","1","3F10412^^160222^H","hatchery_location_code","HOODSPORT HATCHERY",6
"1","5","3F10412^^160222^H","hatchery_location_code","HOODSPORT HATCHERY",6
"1","3","3F10510^^150249^H","hatchery_location_code","CLEAR CR HATCHERY-15",6
"2","3","3F10510^^150249^H","hatchery_location_code","CLEAR CR HATCHERY-15",6
"1","3","3F10510^^150285^H","hatchery_location_code","WEBSTER'S HATCHERY",6
"2","3","3F10510^^150285^H","hatchery_location_code","WEBSTER'S HATCHERY",6
"5","3","3F10510^^150285^H","hatchery_location_code","WEBSTER'S HATCHERY",6
"5","3","3F10510^^150298^H","hatchery_location_code","COWLING CR HATCHERY",6
"1","3","3F10510^^150299^H","hatchery_location_code","GROVERS CR HATCHERY",6
"5","3","3F10510^^150299^H","hatchery_location_code","GROVERS CR HATCHERY",6
"2","3","3F10510^^150299^H","hatchery_location_code","GROVERS CR HATCHERY",6
"3","4","3F10510^^150299^H","hatchery_location_code","GROVERS CR HATCHERY",6
"3","4","3F10511^^100027^H","hatchery_location_code","PUYALLUP HATCHERY",6
"1","3","3F10511^^100027^H","hatchery_location_code","PUYALLUP HATCHERY",6
"1","3","3F10511^^100027^H01","hatchery_location_code","CLARKS CRK HATCHERY",6
"1","1","3F10511^^100027^H01","hatchery_location_code","CLARKS CRK HATCHERY",6
"5","3","3F10511^^100027^H01","hatchery_location_code","CLARKS CRK HATCHERY",6
"2","3","3F10511^^100027^H01","hatchery_location_code","CLARKS CRK HATCHERY",6
"5","3","3F10511^^100029^H","hatchery_location_code","PUYALLUP TRIBAL HATCHERY",6
"1","3","3F10511^^100029^H","hatchery_location_code","PUYALLUP TRIBAL HATCHERY",6
"3","4","3F10511^^100029^H","hatchery_location_code","PUYALLUP TRIBAL HATCHERY",6
"5","4","3F10511^^100029^H","hatchery_location_code","PUYALLUP TRIBAL HATCHERY",6
"1","1","3F10511^^100029^H","hatchery_location_code","PUYALLUP TRIBAL HATCHERY",6
"3","3","3F10511^^100029^H","hatchery_location_code","PUYALLUP TRIBAL HATCHERY",6
"2","3","3F10511^^100029^H","hatchery_location_code","PUYALLUP TRIBAL HATCHERY",6
"1","1","3F10511^^100031^H01","hatchery_location_code","WHITE RIVER HATCHERY",6
"3","4","3F10511^^100031^H01","hatchery_location_code","WHITE RIVER HATCHERY",6
"1","3","3F10511^^100414^H","hatchery_location_code","VOIGHTS CR HATCHERY",6
"3","4","3F10511^^100414^H","hatchery_location_code","VOIGHTS CR HATCHERY",6
"2","3","3F10511^^100414^H","hatchery_location_code","VOIGHTS CR HATCHERY",6
"1","5","3F10511^^100414^H","hatchery_location_code","VOIGHTS CR HATCHERY",6
"1","1","3F10511^^100414^H","hatchery_location_code","VOIGHTS CR HATCHERY",6
"1","3","3F10513^^110013CH","hatchery_location_code","CLEAR CREEK HATCHERY",6
"2","3","3F10513^^110013CH","hatchery_location_code","CLEAR CREEK HATCHERY",6
"5","4","3F10513^^110017AH","hatchery_location_code","KALAMA CR HATCHERY",6
"1","3","3F10513^^110017AH","hatchery_location_code","KALAMA CR HATCHERY",6
"2","3","3F10513^^110017AH","hatchery_location_code","KALAMA CR HATCHERY",6
"1","3","3F10513^^110324^H","hatchery_location_code","MCALLISTER HATCHERY",6
"1","3","3F10513^^120007^H01","hatchery_location_code","GARRISON HATCHERY",6
"1","1","3F10513^^120007^H01","hatchery_location_code","GARRISON HATCHERY",6
"5","7","3F10513^^120007^H01","hatchery_location_code","GARRISON HATCHERY",6
"3","4","3F10513^^120007^H01","hatchery_location_code","GARRISON HATCHERY",6
"1","3","3F10513^^120007^H02","hatchery_location_code","CHAMBERS CR HATCHERY",6
"3","4","3F10513^^120007^H02","hatchery_location_code","CHAMBERS CR HATCHERY",6
"3","4","3F10513^^120007^H03","hatchery_location_code","LAKEWOOD HATCHERY",6
"3","2","3F10513^^120007^H03","hatchery_location_code","LAKEWOOD HATCHERY",6
"1","3","3F10513^^120007^H03","hatchery_location_code","LAKEWOOD HATCHERY",6
"3","4","3F10513^^130028^H02","hatchery_location_code","TUMWATER FALLS HATCHERY",6
"1","3","3F10513^^130028^H02","hatchery_location_code","TUMWATER FALLS HATCHERY",6
"5","3","3F10513^^140025^H","hatchery_location_code","ELSON CR HATCHERY",6
"3","4","3F10513^^140025^H","hatchery_location_code","ELSON CR HATCHERY",6
"1","3","3F10513^^140025^H","hatchery_location_code","ELSON CR HATCHERY",6
"1","3","3F10513^^140049^H","hatchery_location_code","SHELTON HATCHERY(14)",6
"1","3","3F10513^^150048^H","hatchery_location_code","MINTER CR HATCHERY",6
"1","1","3F10513^^150048^H","hatchery_location_code","MINTER CR HATCHERY",6
"2","3","3F10513^^150048^H","hatchery_location_code","MINTER CR HATCHERY",6
"1","3","3F10805^^190148^H","hatchery_location_code","HOKO FALLS HATCHERY",6
"3","4","3F10805^^190148^H","hatchery_location_code","HOKO FALLS HATCHERY",6
"2","4","3F10805^^190148^H","hatchery_location_code","HOKO FALLS HATCHERY",6
"3","3","3F10805^^190148^H","hatchery_location_code","HOKO FALLS HATCHERY",6
"2","3","3F10805^^190148^H","hatchery_location_code","HOKO FALLS HATCHERY",6
"1","3","3F10806^^180018^H","hatchery_location_code","DUNGENESS HATCHERY",6
"1","1","3F10806^^180018^H","hatchery_location_code","DUNGENESS HATCHERY",6
"3","4","3F10806^^180018^H","hatchery_location_code","DUNGENESS HATCHERY",6
"3","4","3F10806^^180028^H","hatchery_location_code","HURD CR HATCHERY",6
"1","1","3F10806^^180028^H","hatchery_location_code","HURD CR HATCHERY",6
"1","3","3F10806^^180028^H","hatchery_location_code","HURD CR HATCHERY",6
"1","3","3F10806^^180185^H","hatchery_location_code","MORSE CREEK HATCHERY",6
"1","3","3F10806^^180272^H","hatchery_location_code","ELWHA HATCHERY",6
"3","4","3F10806^^180272^H","hatchery_location_code","ELWHA HATCHERY",6
"1","1","3F10806^^180272^H","hatchery_location_code","ELWHA HATCHERY",6
"1","3","3F10806^^180274^H","hatchery_location_code","LOWER ELWHA HATCHERY",6
"2","3","3F10806^^180274^H","hatchery_location_code","LOWER ELWHA HATCHERY",6
"3","4","3F10806^^180274^H","hatchery_location_code","LOWER ELWHA HATCHERY",6
"5","3","3F10806^^180274^H","hatchery_location_code","LOWER ELWHA HATCHERY",6
"2","4","3F10806^^180274^H","hatchery_location_code","LOWER ELWHA HATCHERY",6
"3","3","3F10806^^180274^H","hatchery_location_code","LOWER ELWHA HATCHERY",6
"1","3","3F21702^^210398^H","hatchery_location_code","QUINAULT LK HATCHERY",6
"3","4","3F21702^^210398^H","hatchery_location_code","QUINAULT LK HATCHERY",6
"1","1","3F21702^^210398^H","hatchery_location_code","QUINAULT LK HATCHERY",6
"5","3","3F21702^^210398^H","hatchery_location_code","QUINAULT LK HATCHERY",6
"3","2","3F21702^^210398^H","hatchery_location_code","QUINAULT LK HATCHERY",6
"1","2","3F21702^^210398^H","hatchery_location_code","QUINAULT LK HATCHERY",6
"2","3","3F21702^^210398^H","hatchery_location_code","QUINAULT LK HATCHERY",6
"1","1","3F21703^^200096^H02","hatchery_location_code","SOLDUC HATCHERY",6
"2","2","3F21703^^200096^H02","hatchery_location_code","SOLDUC HATCHERY",6
"1","3","3F21703^^200096^H02","hatchery_location_code","SOLDUC HATCHERY",6
"1","2","3F21703^^200096^H02","hatchery_location_code","SOLDUC HATCHERY",6
"2","3","3F21703^^200096^H02","hatchery_location_code","SOLDUC HATCHERY",6
"3","4","3F21703^^200096^H02","hatchery_location_code","SOLDUC HATCHERY",6
"1","5","3F21703^^200096^H02","hatchery_location_code","SOLDUC HATCHERY",6
"2","7","3F21703^^200096^H02","hatchery_location_code","SOLDUC HATCHERY",6
"3","4","3F21703^^200096^H04","hatchery_location_code","EAGLE CREEK HATCHERY",6
"1","2","3F21703^^200096^H04","hatchery_location_code","EAGLE CREEK HATCHERY",6
"1","1","3F21703^^200096^H04","hatchery_location_code","EAGLE CREEK HATCHERY",6
"3","4","3F21703^^200162^H02","hatchery_location_code","BOGACHIEL HATCHERY",6
"3","2","3F21703^^200162^H02","hatchery_location_code","BOGACHIEL HATCHERY",6
"1","2","3F21703^^200162^H02","hatchery_location_code","BOGACHIEL HATCHERY",6
"3","9","3F21703^^200162^H02","hatchery_location_code","BOGACHIEL HATCHERY",6
"1","2","3F21703^^200399AH","hatchery_location_code","LONESOME CR HATCHERY",6
"3","4","3F21703^^200399AH","hatchery_location_code","LONESOME CR HATCHERY",6
"1","3","3F21703^^200423^H","hatchery_location_code","CHALAAT CR HATCHERY",6
"3","4","3F21703^^200423^H","hatchery_location_code","CHALAAT CR HATCHERY",6
"1","1","3F21703^^200423^H","hatchery_location_code","CHALAAT CR HATCHERY",6
"1","3","3F21704^^200004^H","hatchery_location_code","WAATCH CR HATCHERY",6
"3","4","3F21704^^200010^H","hatchery_location_code","EDUCKET CR HATCHERY",6
"3","3","3F21704^^200010^H","hatchery_location_code","EDUCKET CR HATCHERY",6
"1","3","3F21704^^200010^H","hatchery_location_code","EDUCKET CR HATCHERY",6
"2","3","3F21704^^200010^H","hatchery_location_code","EDUCKET CR HATCHERY",6
"2","4","3F21704^^200010^H","hatchery_location_code","EDUCKET CR HATCHERY",6
"1","3","3F21802^^220004^H","hatchery_location_code","HUMPTULIPS HATCHERY",6
"2","7","3F21802^^220004^H","hatchery_location_code","HUMPTULIPS HATCHERY",6
"3","4","3F21802^^220004^H","hatchery_location_code","HUMPTULIPS HATCHERY",6
"3","2","3F21802^^220004^H","hatchery_location_code","HUMPTULIPS HATCHERY",6
"3","2","3F21802^^220240^H","hatchery_location_code","LK ABERDEEN HATCHERY",6
"3","4","3F21802^^220240^H","hatchery_location_code","LK ABERDEEN HATCHERY",6
"3","9","3F21802^^220240^H","hatchery_location_code","LK ABERDEEN HATCHERY",6
"1","3","3F21802^^220240^H","hatchery_location_code","LK ABERDEEN HATCHERY",6
"1","3","3F21802^^220360^H","hatchery_location_code","BINGHAM CR HATCHERY",6
"2","7","3F21802^^220360^H","hatchery_location_code","BINGHAM CR HATCHERY",6
"1","1","3F21802^^220360^H","hatchery_location_code","BINGHAM CR HATCHERY",6
"3","4","3F21802^^220360^H","hatchery_location_code","BINGHAM CR HATCHERY",6
"3","9","3F21802^^220360^H","hatchery_location_code","BINGHAM CR HATCHERY",6
"3","4","3F21802^^220363^H","hatchery_location_code","MITCHELL CR HATCHERY",6
"2","7","3F21802^^230649^H","hatchery_location_code","CHEHALIS HATCHERY",6
"2","7","3F21802^^230761^H","hatchery_location_code","SKOOKUMCHUCK HATCHERY",6
"3","4","3F21802^^230761^H","hatchery_location_code","SKOOKUMCHUCK HATCHERY",6
"1","3","3F21902^^240356^H","hatchery_location_code","FORKS CREEK HATCHERY",6
"3","4","3F21902^^240356^H","hatchery_location_code","FORKS CREEK HATCHERY",6
"2","7","3F21902^^240356^H","hatchery_location_code","FORKS CREEK HATCHERY",6
"1","1","3F21902^^240356^H","hatchery_location_code","FORKS CREEK HATCHERY",6
"1","3","3F21902^^240460^H","hatchery_location_code","NEMAH HATCHERY",6
"3","4","3F21902^^240460^H","hatchery_location_code","NEMAH HATCHERY",6
"1","3","3F21902^^240543^H","hatchery_location_code","NASELLE HATCHERY",6
"3","4","3F21902^^240543^H","hatchery_location_code","NASELLE HATCHERY",6
"2","7","3F21902^^240543^H","hatchery_location_code","NASELLE HATCHERY",6
"2","3","3F21902^^240543^H","hatchery_location_code","NASELLE HATCHERY",6
"1","1","3F10412^^160001^H","hatchery_location_code","NF SKOKOMISH HATCHERY",6
"2","3","3F10412^^160001^H","hatchery_location_code","NF SKOKOMISH HATCHERY",6
"3","4","3F10412^^160001^H","hatchery_location_code","NF SKOKOMISH HATCHERY",6
"1","3","3F10511^^100432^H","hatchery_location_code","WILKESON CREEK HATCHERY",6
"5","3","3F10511^^100029^H01","hatchery_location_code","DIRU CREEK HATCHERY",6
