"","id","record_code","format_version","submission_date","reporting_agency","release_agency","tag_code_or_release_id","tag_type","first_sequential_number","last_sequential_number","related_group_type","related_group_id","species","run","brood_year","release_location_code","hatchery_location_code","stock_location_code","release_stage","rearing_type","study_type","release_strategy","avg_weight","avg_length","study_integrity","cwt_1st_mark","cwt_1st_mark_count","cwt_2nd_mark","cwt_2nd_mark_count","non_cwt_1st_mark","non_cwt_1st_mark_count","non_cwt_2nd_mark","non_cwt_2nd_mark_count","counting_method","tag_loss_rate","tag_loss_days","tag_loss_sample_size","tag_reused","comments","first_release_date_year","first_release_date_month","first_release_date_day","last_release_date_year","last_release_date_month","last_release_date_day"
"266","7672f1b9-03e3-486f-bed4-33f4feef2a9c","N","5.0","20260809","WDFW","WDFW","!04P00015837",NA,NA,NA,NA,NA,"1","1",2011,"3F42001^^270168^R01","3F42001^^270430^H","3F42001^^270168^S",NA,"H",NA,"FR",19.72,113,NA,NA,NA,NA,NA,"0000",15440,NA,NA,NA,NA,NA,NA,NA,"HAULED AND PLANTED BY PP&L.  PLANTED INTO CRAB CREEK. 100% UNMARKED FROM HATCHERY BROOD.",2012,10,19,2012,10,19
"3","019aa7ea-8291-4f2d-9075-971b25b32a42","N","5.0","20260809","WDFW","WDFW","!04P00085359",NA,NA,NA,NA,NA,"1","1",2014,"3F42001^^270168^R01","3F42001^^270168^H","3F42001^^270168^S",NA,"H",NA,"FR",20.61,124,NA,NA,NA,NA,NA,"5000",122762,"0000",1102,NA,NA,NA,NA,NA,NA,2015,8,3,2015,8,3
"39","2969dadb-c4ec-41fc-a543-29ff52383862","T","5.0","20260809","WDFW","WDFW","633410","0",NA,NA,NA,NA,"1","3",1984,"3F42001^^270168^R","3F42001^^270168^H","3F42001^^270168^S","S","H","E",NA,22.67,124,"N","5000",49661,NA,NA,"0000",31020,"5000",552,"B",NA,29,1741,NA,NA,1985,10,8,1985,10,8
"71","47618390-c70c-4a5e-b09d-c17eacab3a4c","T","5.0","20260809","WDFW","WDFW","633409","0",NA,NA,NA,NA,"1","3",1984,"3F42001^^270168^R","3F42001^^270168^H","3F42001^^270168^S","S","H","E",NA,22.67,124,"N","5000",51572,NA,NA,"0000",31021,"5000",574,"B",NA,29,1741,NA,NA,1985,10,8,1985,10,8
"204","cd17aec9-dc7d-490b-96b9-8cda0d27d547","N","5.0","20260809","WDFW","WDFW","!04P00085356",NA,NA,NA,NA,NA,"1","1",2014,"3F42001^^270168^R01","3F42001^^270168^H","3F42001^^270168^S",NA,"H",NA,"FR",22.34,126,NA,NA,NA,NA,NA,"5000",136712,"0000",1228,NA,NA,NA,NA,NA,NA,2015,8,3,2015,8,3
"59","3f43a0bb-d648-4d10-9774-b60f74146cb0","N","5.0","20260809","WDFW","WDFW","!04P00085353",NA,NA,NA,NA,NA,"1","1",2014,"3F42001^^270168^R01","3F42001^^270168^H","3F42001^^270168^S",NA,"H",NA,"FR",22.45,128,NA,NA,NA,NA,NA,"5000",143105,"0000",1285,NA,NA,NA,NA,NA,NA,2015,8,3,2015,8,3
"273","d57e600d-fd85-4a72-80c7-0c27f1e59292","N","5.0","20260809","WDFW","WDFW","!04P00131679",NA,NA,NA,NA,NA,"1","1",2017,"3F42001^^270168^R01","3F42001^^270430^H","3F42001^^270168^S","Y","H",NA,"FR",32.39,137,NA,NA,NA,NA,NA,"0000",29690,NA,NA,NA,NA,NA,NA,NA,"BO=MIXED(HxW) FISH WERE HAULED TO STRESS RELIEF RACEWAYS IN WOODLAND.",2018,11,1,2018,11,1
"264","5506e104-4786-4478-ac7e-1420d1bef8d8","N","5.0","20260809","WDFW","WDFW","!04P00131744",NA,NA,NA,NA,NA,"1","1",2017,"3F42001^^270168^R01","3F42001^^270430^H","3F42001^^270168^S","Y","H",NA,"FR",32.63,139,NA,NA,NA,NA,NA,"0001",29612,"0000",1068,NA,NA,NA,NA,NA,"BO=MIXED(HxW)",2018,11,15,2018,11,15
"90","59007528-5399-4cab-a81e-61dbf1aaaf4a","N","5.0","20260809","WDFW","WDFW","!04P00211989",NA,NA,NA,NA,NA,"1","1",2022,"3F42001^^270168^R01","3F42001^^270168^H","3F42001^^270168^S04","Y","H",NA,"VO",36.28,141,NA,NA,NA,NA,NA,"5000",91458,"0000",784,NA,NA,NA,NA,NA,NA,2024,2,5,2024,2,13
"117","78f8606b-8efb-4ffe-bec3-9c3cd8223786","T","5.0","20260809","WDFW","WDFW","638525","12",NA,NA,"D","04202400001192","1","1",2022,"3F42001^^270168^R01","3F42001^^270168^H","3F42001^^270168^S04","Y","H","P","VO",36.28,141,NA,"0000",35172,NA,NA,"0000",255,NA,NA,NA,0.0072,NA,554,NA,NA,2024,2,5,2024,2,13
"152","a91b42f2-47d4-44d8-bd25-22f0f51e5fae","T","5.0","20260809","WDFW","WDFW","638530","12",NA,NA,"D","04202400001192","1","1",2022,"3F42001^^270168^R01","3F42001^^270168^H","3F42001^^270168^S04","Y","H","P","VO",36.28,141,NA,"5000",35385,"0000",206,NA,NA,NA,NA,NA,NA,NA,517,NA,NA,2024,2,5,2024,2,13
"166","b48c4a7b-0f18-4b2e-b145-7f5365c7c9ae","N","5.0","20260809","WDFW","WDFW","!04P00197906",NA,NA,NA,NA,NA,"1","1",2021,"3F42001^^270168^R01","3F42001^^270168^H","3F42001^^270168^S04","Y","H",NA,"VO",39.1,141,NA,NA,NA,NA,NA,"5000",85488,"0000",412,NA,NA,NA,NA,NA,NA,2023,2,1,2023,2,13
"233","ea73e27d-1373-448e-b0df-01f8468ec8b3","T","5.0","20260809","WDFW","WDFW","638204","12",NA,NA,"D","04202300001146","1","1",2021,"3F42001^^270168^R01","3F42001^^270168^H","3F42001^^270168^S04","Y","H","P","VO",39.1,141,NA,"0000",32236,NA,NA,"0000",123,NA,NA,NA,0.0038,NA,524,NA,NA,2023,2,1,2023,2,13
"242","f11b525a-1090-4221-a9b2-29933ac459ed","T","5.0","20260809","WDFW","WDFW","638209","12",NA,NA,"D","04202300001146","1","1",2021,"3F42001^^270168^R01","3F42001^^270168^H","3F42001^^270168^S04","Y","H","P","VO",39.1,141,NA,"5000",32130,"0000",129,"5000",129,"0000",1,NA,0.004,NA,501,NA,NA,2023,2,1,2023,2,13
"116","7855e3ad-5586-4191-8803-710898f4374e","N","5.0","20260809","WDFW","WDFW","!04P00074936",NA,NA,NA,NA,NA,"1","1",2013,"3F42001^^270168^R01","3F42001^^270168^H","3F42001^^270168^S","Y","H",NA,"VO",38.11,143,NA,NA,NA,NA,NA,"5000",109478,"0000",153,NA,NA,NA,NA,NA,NA,2014,10,1,2014,10,17
"222","d8a920de-023b-43a4-b542-4e098aa646c5","N","5.0","20260809","WDFW","WDFW","!04P00064839",NA,NA,NA,NA,NA,"1","1",2007,"3F42001^^270168^R01","3F42001^^270168^H","3F42001^^270168^S","Y","H",NA,"VO",32.39,143,NA,NA,NA,NA,NA,"5000",301663,"0000",2035,NA,NA,NA,NA,NA,"VOLITIONALLY RELEASED ON 2/17 AND REMAINING FISH FORCED RELEASED ON 3/16.",2009,2,17,2009,3,16
"252","f85b7fd1-b50c-4686-9a0b-40bca0782779","T","5.0","20260809","WDFW","WDFW","631116","9",NA,NA,NA,NA,"1","1",1989,"3F42001^^270168^R","3F42001^^270168^H","3F42001^^270168^S","S","H","B",NA,50.39,143,"N","5000",138310,NA,NA,"0000",614057,"5000",7433,"B",NA,25,2110,"Y",NA,1991,3,25,1991,3,25
"263","4888cc44-7da9-405e-9b07-65adc8a99af7","N","5.0","20260809","WDFW","WDFW","!04P00042561",NA,NA,NA,NA,NA,"1","1",2003,"3F42001^^270168^R","3F42001^^270430^H","3F42001^^270168^S","Y","H",NA,NA,39.1,143,NA,NA,NA,NA,NA,"5000",47726,"0000",974,NA,NA,NA,NA,NA,NA,2005,2,15,2005,2,15
"10","0ba6ad60-247c-4d7f-b63a-46e403a289f3","N","5.0","20260809","WDFW","WDFW","!04P00077302",NA,NA,NA,NA,NA,"1","1",2013,"3F42001^^270168^R01","3F42001^^270168^H","3F42001^^270168^S","Y","H",NA,"VO",35.43,144,NA,NA,NA,NA,NA,"5000",81783,"0000",115,NA,NA,NA,NA,NA,NA,2015,2,3,2015,2,6
"49","3041ef6a-c007-4c8b-8ce7-de089006fe68","T","5.0","20260809","WDFW","WDFW","638893","12",NA,NA,"D","04202600001302","1","1",2024,"3F42001^^270168^R01","3F42001^^270168^H","3F42001^^270168^S04","Y","H","P","VO",34.62,144,NA,"0000",31874,NA,NA,"0000",57,NA,NA,NA,0.0018,NA,553,NA,NA,2026,2,2,2026,2,11
"64","42ab32ff-e263-4f09-83d9-bd8ecff8953c","T","5.0","20260809","WDFW","WDFW","639106","12",NA,NA,"D","04202600001302","1","1",2024,"3F42001^^270168^R01","3F42001^^270168^H","3F42001^^270168^S04","Y","H","P","VO",34.62,144,NA,"5000",31905,NA,NA,NA,NA,NA,NA,NA,NA,NA,544,NA,NA,2026,2,2,2026,2,11
"80","4e0c0414-4139-4b1b-ba2b-70d513f79517","N","5.0","20260809","WDFW","WDFW","!04P00230916",NA,NA,NA,NA,NA,"1","1",2024,"3F42001^^270168^R01","3F42001^^270168^H","3F42001^^270168^S04","Y","H",NA,"VO",34.62,144,NA,NA,NA,NA,NA,"5000",27120,NA,NA,NA,NA,NA,NA,NA,NA,2026,2,2,2026,2,11
"102","6366eee0-eac6-49cd-87b2-f56eb65118fc","N","5.0","20260809","WDFW","WDFW","!04P00111236",NA,NA,NA,NA,NA,"1","1",2013,"3F42001^^270168^R01","3F42001^^270168^H","3F42001^^270168^S","Y","H",NA,"VO",35.71,144,NA,NA,NA,NA,NA,"5000",95675,"0000",134,NA,NA,NA,NA,NA,NA,2015,2,3,2015,2,6
"127","897b6f45-a5e5-4858-be7d-868c5c7fda67","N","5.0","20260809","WDFW","WDFW","!04P00192263",NA,NA,NA,NA,NA,"1","1",2020,"3F42001^^270168^R01","3F42001^^270168^H","3F42001^^270168^S04","Y","H",NA,"VO",35.99,144,NA,NA,NA,NA,NA,"5000",99191,"0000",308,NA,NA,NA,NA,NA,NA,2022,2,2,2022,2,16
"178","b897522e-a399-4787-9060-eb7bebe7fd3c","T","5.0","20260809","WDFW","WDFW","637833","12",NA,NA,"D","04202200001106","1","1",2020,"3F42001^^270168^R01","3F42001^^270168^H","3F42001^^270168^S04","Y","H","P","VO",35.99,144,NA,"0000",37096,NA,NA,NA,NA,NA,NA,NA,NA,NA,500,NA,NA,2022,2,2,2022,2,16
"202","c8a2218b-e287-4ecb-ae5a-6cf760419e21","T","5.0","20260809","WDFW","WDFW","637832","12",NA,NA,"D","04202200001106","1","1",2020,"3F42001^^270168^R01","3F42001^^270168^H","3F42001^^270168^S04","Y","H","P","VO",35.99,144,NA,"5000",36602,"0000",147,NA,NA,NA,NA,NA,NA,NA,500,NA,NA,2022,2,2,2022,2,16
"272","bfd72b02-b004-4d39-a883-75b7a13c72d4","N","5.0","20260809","WDFW","WDFW","!04P00131799",NA,NA,NA,NA,NA,"1","1",2017,"3F42001^^270168^R01","3F42001^^270430^H","3F42001^^270168^S","Y","H",NA,"FR",37.48,144,NA,NA,NA,NA,NA,"0001",30663,"0000",307,NA,NA,NA,NA,NA,"BO=MIXED(HxW)",2018,11,27,2018,11,27
"52","34360b7d-8f30-4e84-b043-5135516f3f5c","N","5.0","20260809","WDFW","WDFW","!04P00078586",NA,NA,NA,NA,NA,"1","1",2013,"3F42001^^270168^R01","3F42001^^270168^H","3F42001^^270168^S","Y","H",NA,"VO",39.78,145,NA,NA,NA,NA,NA,"5000",108932,"0000",153,NA,NA,NA,NA,NA,NA,2014,10,1,2014,10,17
"177","b7a3f34d-c74f-4aba-9e14-ec12d015114d","T","5.0","20260809","WDFW","WDFW","638653","12",NA,NA,"D","04202500001269","1","1",2023,"3F42001^^270168^R01","3F42001^^270168^H","3F42001^^270168^S04","Y","H","P","VO",37.79,145,NA,"0000",38198,NA,NA,"0000",73,NA,NA,NA,0.0019,NA,523,NA,NA,2025,2,1,2025,2,11
"209","cf245576-b7e9-45ba-91a6-ae9dd70ad394","N","5.0","20260809","WDFW","WDFW","!04P00222458",NA,NA,NA,NA,NA,"1","1",2023,"3F42001^^270168^R01","3F42001^^270168^H","3F42001^^270168^S04","Y","H",NA,"VO",37.79,145,NA,NA,NA,NA,NA,"5000",43296,"0000",52,NA,NA,NA,NA,NA,NA,2025,2,1,2025,2,11
"235","ec101132-26af-4fd5-a5c7-65de8fc44b15","T","5.0","20260809","WDFW","WDFW","638654","12",NA,NA,"D","04202500001269","1","1",2023,"3F42001^^270168^R01","3F42001^^270168^H","3F42001^^270168^S04","Y","H","P","VO",37.79,145,NA,"5000",38023,"0000",295,"5000",72,"0000",1,NA,0.0019,NA,517,NA,NA,2025,2,1,2025,2,11
"271","bd7991ed-8dd7-46f7-a3a5-f662440cf5a3","T","5.0","20260809","WDFW","WDFW","634239","0",NA,NA,NA,NA,"1","1",1990,"3F42001^^270168^R","3F42001^^270430^H","3F42001^^270168^S","S","H","B",NA,42.79,145,"N","5000",51147,NA,NA,"0000",275924,"5000",779,"B",NA,36,1836,NA,NA,1992,4,14,1992,4,14
"6","06177c75-c260-46e3-a1d9-2e412ac2bd4d","T","5.0","20260809","WDFW","WDFW","637478","12",NA,NA,"O","04202000001004","1","1",2018,"3F42001^^270168^R01","3F42001^^270168^H","3F42001^^270168^S04","Y","H","P","VO",37.79,146,NA,"5000",35299,"0000",356,"5000",357,"0000",4,NA,0.01,NA,500,NA,"AD+CWT",2020,2,11,2020,2,28
"9","0ae40e8d-7733-41a6-b2d0-c844031f99af","N","5.0","20260809","WDFW","WDFW","!04P00167378",NA,NA,NA,NA,NA,"1","1",2019,"3F42001^^270168^R01","3F42001^^270168^H","3F42001^^270168^S04","Y","H",NA,"VO",36.87,146,NA,NA,NA,NA,NA,"5000",152776,"0000",629,NA,NA,NA,NA,NA,"AD ONLY",2020,10,21,2020,10,29
"62","4291228a-b0ad-48a5-aa7a-18b964c94f7e","N","5.0","20260809","WDFW","WDFW","!04P00150803",NA,NA,NA,NA,NA,"1","1",2018,"3F42001^^270168^R01","3F42001^^270168^H","3F42001^^270168^S04","Y","H",NA,"VO",37.79,146,NA,NA,NA,NA,NA,"5000",93826,"0000",623,NA,NA,NA,NA,NA,"AD ONLY",2020,2,11,2020,2,28
"96","5f67595d-b9da-455a-919c-30320f324ab7","T","5.0","20260809","WDFW","WDFW","630303","0",NA,NA,NA,NA,"1","1",1997,"3F42001^^270168^R01","3F42001^^270168^H","3F42001^^270168^S","Y","H",NA,NA,38.63,146,NA,"5000",224432,"0000",3418,"5000",10109,"0000",154,NA,0.0431,NA,NA,NA,NA,1999,4,5,1999,4,5
"114","765c4e24-d3d1-450b-985d-52fc9980386e","N","5.0","20260809","WDFW","WDFW","!04P00167375",NA,NA,NA,NA,NA,"1","1",2019,"3F42001^^270168^R01","3F42001^^270168^H","3F42001^^270168^S04","Y","H",NA,"VO",36.28,146,NA,NA,NA,NA,NA,"5000",154214,"0000",635,NA,NA,NA,NA,NA,"AD ONLY",2020,10,21,2020,10,29
"128","89abe449-4d5b-4795-b28d-9de6778117dd","T","5.0","20260809","WDFW","WDFW","635247","9",NA,NA,NA,NA,"1","1",1988,"3F42001^^270168^R","3F42001^^270168^H","3F42001^^270168^S","S","H","B",NA,50.39,146,"N","5000",113890,NA,NA,"0000",68600,"5000",8310,"B",NA,75,2145,NA,NA,1990,4,6,1990,4,6
"140","99059a08-ebfb-4e8f-96a2-a8dd8c28f1d1","N","5.0","20260809","WDFW","WDFW","!04P00167385",NA,NA,NA,NA,NA,"1","1",2019,"3F42001^^270168^R01","3F42001^^270168^H","3F42001^^270168^S04","Y","H",NA,"VO",37.48,146,NA,NA,NA,NA,NA,"5000",154499,"0000",636,NA,NA,NA,NA,NA,"AD ONLY",2020,10,21,2020,10,29
"159","b17afe54-757c-46d2-a042-3af3beb525db","N","5.0","20260809","WDFW","WDFW","!04P00181365",NA,NA,NA,NA,NA,"1","1",2020,"3F42001^^270168^R","3F42001^^270168^H","3F42001^^270168^S04","Y","H",NA,"VO",35.43,146,NA,NA,NA,NA,NA,"5000",197422,"0000",1532,NA,NA,NA,NA,NA,NA,2021,10,1,2021,10,15
"172","b64662b8-8535-4b31-88db-8f995ce8fb4f","N","5.0","20260809","WDFW","WDFW","!04P00077305",NA,NA,NA,NA,NA,"1","1",2013,"3F42001^^270168^R01","3F42001^^270168^H","3F42001^^270168^S","Y","H",NA,"VO",35.71,146,NA,NA,NA,NA,NA,"5000",99344,"0000",139,NA,NA,NA,NA,NA,NA,2015,2,3,2015,2,6
"179","b992237f-6516-45b6-9590-ad649ce54a7e","N","5.0","20260809","WDFW","WDFW","!04P00208618",NA,NA,NA,NA,NA,"1","1",2022,"3F42001^^270168^R01","3F42001^^270168^H","3F42001^^270168^S04","Y","H",NA,"VO",35.43,146,NA,NA,NA,NA,NA,"5000",198580,"0000",378,NA,NA,NA,NA,NA,NA,2023,10,4,2023,10,13
"183","b9e4d240-4ee9-4db5-a4fe-9628fdccf58b","T","5.0","20260809","WDFW","WDFW","637482","12",NA,NA,"O","04202000001004","1","1",2018,"3F42001^^270168^R01","3F42001^^270168^H","3F42001^^270168^S04","Y","H","P","VO",37.79,146,NA,"0000",35585,NA,NA,NA,NA,NA,NA,NA,NA,NA,500,NA,"CWT ONLY",2020,2,11,2020,2,28
"221","d858f79f-416c-40b5-b012-7b48a9ec7a5d","N","5.0","20260809","WDFW","WDFW","!04P00181362",NA,NA,NA,NA,NA,"1","1",2020,"3F42001^^270168^R","3F42001^^270168^H","3F42001^^270168^S04","Y","H",NA,"VO",35.99,146,NA,NA,NA,NA,NA,"5000",196124,"0000",1522,NA,NA,NA,NA,NA,NA,2021,10,1,2021,10,15
"276","f6b9026d-fdc3-44d9-a2ee-162981bc83a8","N","5.0","20260809","WDFW","WDFW","!04P00048316",NA,NA,NA,NA,NA,"1","1",2003,"3F42001^^270168^R","3F42001^^270430^H","3F42001^^270168^S","Y","H",NA,NA,40.86,146,NA,NA,NA,NA,NA,"5000",32634,"0000",666,NA,NA,NA,NA,NA,NA,2005,2,15,2005,2,15
"37","268114fe-3343-470c-8bba-7e532dcedefb","N","5.0","20260809","WDFW","WDFW","!04P00167383",NA,NA,NA,NA,NA,"1","1",2019,"3F42001^^270168^R01","3F42001^^270168^H","3F42001^^270168^S04","Y","H",NA,"VO",37.48,147,NA,NA,NA,NA,NA,"0000",72,NA,NA,NA,NA,NA,NA,NA,"CWT ONLY",2020,10,21,2020,10,29
"46","2d226f3c-2f40-49b2-b18e-8c936b51a8e5","N","5.0","20260809","WDFW","WDFW","!04P00167381",NA,NA,NA,NA,NA,"1","1",2019,"3F42001^^270168^R01","3F42001^^270168^H","3F42001^^270168^S04","Y","H",NA,"VO",37.48,147,NA,NA,NA,NA,NA,"5000",156762,"0000",645,NA,NA,NA,NA,NA,"AD ONLY",2020,10,21,2020,10,29
"65","42e35b33-1b7d-44da-8dac-93f78ecdc248","T","5.0","20260809","WDFW","WDFW","637662","12",NA,NA,"D","04202000001069","1","1",2019,"3F42001^^270168^R01","3F42001^^270168^H","3F42001^^270168^S04","Y","H","P","VO",37.48,147,NA,"5000",37012,"0000",75,"5000",75,NA,NA,NA,0.002,NA,2500,NA,"AD+",2020,10,21,2020,10,29
"68","461e232c-8624-4590-8fdb-d4998862f2df","N","5.0","20260809","WDFW","WDFW","!04P00167388",NA,NA,NA,NA,NA,"1","1",2019,"3F42001^^270168^R01","3F42001^^270168^H","3F42001^^270168^S04","Y","H",NA,"VO",37.17,147,NA,NA,NA,NA,NA,"5000",157980,"0000",650,NA,NA,NA,NA,NA,"AD ONLY",2020,10,21,2020,10,29
"88","5614b187-12cc-4e19-8d0f-b7dd03a1ffb3","N","5.0","20260809","WDFW","WDFW","!04P00181356",NA,NA,NA,NA,NA,"1","1",2020,"3F42001^^270168^R","3F42001^^270168^H","3F42001^^270168^S04","Y","H",NA,"VO",36.28,147,NA,NA,NA,NA,NA,"5000",197910,"0000",1536,NA,NA,NA,NA,NA,NA,2021,10,1,2021,10,15
"99","60cfc142-aeca-438b-a56d-57071670f044","T","5.0","20260809","WDFW","WDFW","637828","12",NA,NA,"D","04202100001104","1","1",2020,"3F42001^^270168^R","3F42001^^270168^H","3F42001^^270168^S04","Y","H","P","VO",36.87,147,NA,"0000",38327,NA,NA,NA,NA,NA,NA,NA,NA,NA,2000,NA,NA,2021,10,1,2021,10,15
"158","b0ad7c8c-9f77-4e48-baf5-e99e2c32e19a","N","5.0","20260809","WDFW","WDFW","!04P00181359",NA,NA,NA,NA,NA,"1","1",2020,"3F42001^^270168^R","3F42001^^270168^H","3F42001^^270168^S04","Y","H",NA,"VO",36.87,147,NA,NA,NA,NA,NA,"5000",196847,"0000",1527,NA,NA,NA,NA,NA,NA,2021,10,1,2021,10,15
"167","b4bbb1e3-f358-4a6d-80c7-9fe947019f95","N","5.0","20260809","WDFW","WDFW","!04P00207651",NA,NA,NA,NA,NA,"1","1",2022,"3F42001^^270168^R01","3F42001^^270168^H","3F42001^^270168^S04","Y","H",NA,"FR",35.43,147,NA,NA,NA,NA,NA,"5000",200481,"0000",382,NA,NA,NA,NA,NA,NA,2023,10,3,2023,10,4
"169","b59bb6ed-5fd5-483e-9e42-cb1a6421529e","N","5.0","20260809","WDFW","WDFW","!04P00153897",NA,NA,NA,NA,NA,"1","1",2018,"3F42001^^270168^R01","3F42001^^270168^H","3F42001^^270168^S04","Y","H",NA,"VO",37.79,147,NA,NA,NA,NA,NA,"5000",175922,"0000",955,NA,NA,NA,NA,NA,"AD ONLY",2019,10,1,2019,10,17
"206","cde61ed5-52de-4ef6-9cd2-8e748f8f8504","T","5.0","20260809","WDFW","WDFW","637829","12",NA,NA,"D","04202100001104","1","1",2020,"3F42001^^270168^R","3F42001^^270168^H","3F42001^^270168^S04","Y","H","P","VO",36.87,147,NA,"5000",37378,NA,NA,"5000",76,NA,NA,NA,0.002,NA,2000,NA,NA,2021,10,1,2021,10,15
"210","d06839e8-c470-4057-9863-6d7511f87d92","T","5.0","20260809","WDFW","WDFW","637666","12",NA,NA,"D","04202000001069","1","1",2019,"3F42001^^270168^R01","3F42001^^270168^H","3F42001^^270168^S04","Y","H","P","VO",37.48,147,NA,"0000",37210,NA,NA,"0000",15,NA,NA,NA,0.002,NA,2500,NA,"CWT ONLY",2020,10,21,2020,10,29
"249","f49d11b4-bbfe-470e-a813-38c78b8b45c7","N","5.0","20260809","WDFW","WDFW","!04P00229551",NA,NA,NA,NA,NA,"1","1",2024,"3F42001^^270168^R01","3F42001^^270168^H","3F42001^^270168^S04","Y","H",NA,"FR",37.48,147,NA,NA,NA,NA,NA,"5000",178941,"0000",466,NA,NA,NA,NA,NA,NA,2025,10,2,2025,10,3
"270","9cb0c502-1046-4df2-9de5-28ec7986e25d","N","5.0","20260809","WDFW","WDFW","!04P00051454",NA,NA,NA,NA,NA,"1","1",2003,"3F42001^^270168^R","3F42001^^270430^H","3F42001^^270168^S","Y","H",NA,NA,39.78,147,NA,NA,NA,NA,NA,"5000",15288,"0000",312,NA,NA,NA,NA,NA,NA,2005,2,15,2005,2,15
"33","236e26d1-c6cf-4810-a750-e5b4484924c3","T","5.0","20260809","WDFW","WDFW","636617","12",NA,NA,"D","04201400000784","1","1",2013,"3F42001^^270168^R01","3F42001^^270168^H","3F42001^^270168^S","Y","H","P","VO",40.86,148,NA,"5000",51037,"0000",72,"5000",96,NA,NA,NA,0.0019,NA,1590,NA,NA,2014,10,1,2014,10,17
"75","49af9278-a437-42b6-ac3b-02be745ba646","T","5.0","20260809","WDFW","WDFW","636618","12",NA,NA,"D","04201400000784","1","1",2013,"3F42001^^270168^R01","3F42001^^270168^H","3F42001^^270168^S","Y","H","P","VO",40.86,148,NA,"0000",50777,NA,NA,NA,NA,NA,NA,NA,NA,NA,1635,NA,NA,2014,10,1,2014,10,17
"106","6b27780a-fad9-4656-9705-37f8640cb426","N","5.0","20260809","WDFW","WDFW","!04P00133880",NA,NA,NA,NA,NA,"1","1",2017,"3F42001^^270168^R01","3F42001^^270168^H","3F42001^^270168^S04","Y","H",NA,"VO",36.28,148,NA,NA,NA,NA,NA,"5000",158514,"0000",861,NA,NA,NA,NA,NA,NA,2018,10,17,2018,10,31
"110","71f1a381-3444-42cb-b287-ad13c1f05860","N","5.0","20260809","WDFW","WDFW","!04P00222253",NA,NA,NA,NA,NA,"1","1",2023,"3F42001^^270168^R01","3F42001^^270168^H","3F42001^^270168^S04","Y","H",NA,"VO",36.57,148,NA,NA,NA,NA,NA,"5000",193424,"0000",933,NA,NA,NA,NA,NA,NA,2024,10,1,2024,10,14
"115","7751884d-12b8-4f2e-933c-3a5df82a6787","N","5.0","20260809","WDFW","WDFW","!04P00170941",NA,NA,NA,NA,NA,"1","1",2019,"3F42001^^270168^R01","3F42001^^270168^H","3F42001^^270168^S04","Y","H",NA,"FR",37.79,148,NA,NA,NA,NA,NA,"5000",342,"0000",1,NA,NA,NA,NA,NA,"AD ONLY",2021,3,15,2021,3,15
"129","89b3c2e3-8e18-49a9-9588-32340b5f0c35","N","5.0","20260809","WDFW","WDFW","!04P00153904",NA,NA,NA,NA,NA,"1","1",2018,"3F42001^^270168^R01","3F42001^^270168^H","3F42001^^270168^S04","Y","H",NA,"VO",41.23,148,NA,NA,NA,NA,NA,"5000",174482,"0000",947,NA,NA,NA,NA,NA,"AD ONLY",2019,10,1,2019,10,17
"153","aacf4d1d-1dec-48d0-a105-699ad25a9c93","N","5.0","20260809","WDFW","WDFW","!04P00208625",NA,NA,NA,NA,NA,"1","1",2022,"3F42001^^270168^R01","3F42001^^270168^H","3F42001^^270168^S04","Y","H",NA,"VO",37.48,148,NA,NA,NA,NA,NA,"5000",191215,"0000",364,NA,NA,NA,NA,NA,NA,2023,10,23,2023,10,25
"165","b3b89ec7-6655-443e-9200-6820c4e297e6","T","5.0","20260809","WDFW","WDFW","637661","12",NA,NA,"D","04202100001068","1","1",2019,"3F42001^^270168^R01","3F42001^^270168^H","3F42001^^270168^S04","Y","H","P","VO",37.81,148,NA,"5000",34746,"0000",140,"5000",140,"0000",1,NA,0.004,NA,1000,NA,"AD+",2021,2,3,2021,3,15
"190","c10d6253-a64c-4fd0-8f8b-0f12e5df2436","N","5.0","20260809","WDFW","WDFW","!04P00074942",NA,NA,NA,NA,NA,"1","1",2013,"3F42001^^270168^R01","3F42001^^270168^H","3F42001^^270168^S","Y","H",NA,"VO",40.86,148,NA,NA,NA,NA,NA,"5000",109452,"0000",153,NA,NA,NA,NA,NA,NA,2014,10,1,2014,10,17
"196","c5539016-e416-4ea7-8cf6-8f9257bfbbe2","T","5.0","20260809","WDFW","WDFW","637665","12",NA,NA,"D","04202100001068","1","1",2019,"3F42001^^270168^R01","3F42001^^270168^H","3F42001^^270168^S04","Y","H","P","VO",37.79,148,NA,"0000",35077,NA,NA,NA,NA,NA,NA,NA,NA,NA,1000,NA,"CWT ONLY",2021,2,3,2021,3,15
"240","ef4aa2b0-bc88-4b8b-ba66-a0319c24095c","N","5.0","20260809","WDFW","WDFW","!04P00194658",NA,NA,NA,NA,NA,"1","1",2021,"3F42001^^270168^R01","3F42001^^270168^H","3F42001^^270168^S04","Y","H",NA,"VO",36.28,148,NA,NA,NA,NA,NA,"5000",183355,"0000",2208,NA,NA,NA,NA,NA,NA,2022,10,13,2022,10,27
"246","f3bd3251-c3f1-4cef-81e9-2bec55d3a3ed","N","5.0","20260809","WDFW","WDFW","!04P00194649",NA,NA,NA,NA,NA,"1","1",2021,"3F42001^^270168^R01","3F42001^^270168^H","3F42001^^270168^S04","Y","H",NA,"FR",36.28,148,NA,NA,NA,NA,NA,"5000",168667,"0000",2031,NA,NA,NA,NA,NA,NA,2022,10,12,2022,10,12
"256","fa8596e4-521e-4452-955d-e113f0de006c","N","5.0","20260809","WDFW","WDFW","!04P00168752",NA,NA,NA,NA,NA,"1","1",2019,"3F42001^^270168^R01","3F42001^^270168^H","3F42001^^270168^S04","Y","H",NA,"VO",36.57,148,NA,NA,NA,NA,NA,"5000",92841,"0000",317,NA,NA,NA,NA,NA,NA,2021,2,3,2021,2,22
"25","1d2a659f-88f3-44a4-bd36-0c55331a8a83","T","5.0","20260809","WDFW","WDFW","637483","12",NA,NA,"O","04201900001005","1","1",2018,"3F42001^^270168^R01","3F42001^^270168^H","3F42001^^270168^S04","Y","H","P","VO",41.23,149,NA,"0000",33193,NA,NA,NA,NA,NA,NA,NA,NA,NA,2004,NA,"CWT ONLY",2019,10,1,2019,10,17
"55","36b49f44-8be6-40d4-86a7-ea8dba072c3d","T","5.0","20260809","WDFW","WDFW","637479","12",NA,NA,"O","04201900001005","1","1",2018,"3F42001^^270168^R01","3F42001^^270168^H","3F42001^^270168^S04","Y","H","P","VO",41.23,149,NA,"5000",32798,"0000",199,"5000",198,NA,NA,NA,0.006,NA,2000,NA,"AD+",2019,10,1,2019,10,17
"69","469788d3-6c47-4caf-b6b1-dc247a5a4552","N","5.0","20260809","WDFW","WDFW","!04P00153901",NA,NA,NA,NA,NA,"1","1",2018,"3F42001^^270168^R01","3F42001^^270168^H","3F42001^^270168^S04","Y","H",NA,"VO",37.79,149,NA,NA,NA,NA,NA,"5000",179750,"0000",976,NA,NA,NA,NA,NA,"AD ONLY",2019,10,1,2019,10,17
"170","b5c488ba-708f-4bf1-bb35-79d45ead02da","N","5.0","20260809","WDFW","WDFW","!04P00133877",NA,NA,NA,NA,NA,"1","1",2017,"3F42001^^270168^R01","3F42001^^270168^H","3F42001^^270168^S04","Y","H",NA,"VO",37.48,149,NA,NA,NA,NA,NA,"5000",153276,"0000",832,NA,NA,NA,NA,NA,NA,2018,10,17,2018,10,31
"199","c66e40ba-f3ec-4600-bf5b-afdd19c7ff8b","N","5.0","20260809","WDFW","WDFW","!04P00153895",NA,NA,NA,NA,NA,"1","1",2018,"3F42001^^270168^R01","3F42001^^270168^H","3F42001^^270168^S04","Y","H",NA,"VO",37.79,149,NA,NA,NA,NA,NA,"5000",175668,"0000",954,NA,NA,NA,NA,NA,"AD ONLY",2019,10,1,2019,10,17
"24","1bd739da-3ee7-4184-9b64-c319b83bc447","N","5.0","20260809","WDFW","WDFW","!04P00208621",NA,NA,NA,NA,NA,"1","1",2022,"3F42001^^270168^R01","3F42001^^270168^H","3F42001^^270168^S04","Y","H",NA,"VO",38.43,150,NA,NA,NA,NA,NA,"5000",199176,"0000",379,NA,NA,NA,NA,NA,NA,2023,10,4,2023,10,13
"41","2a4ac20b-d48b-4015-aed6-493812880659","N","5.0","20260809","WDFW","WDFW","!04P00194652",NA,NA,NA,NA,NA,"1","1",2021,"3F42001^^270168^R01","3F42001^^270168^H","3F42001^^270168^S04","Y","H",NA,"VO",37.79,150,NA,NA,NA,NA,NA,"5000",180370,"0000",2172,NA,NA,NA,NA,NA,NA,2022,10,13,2022,10,27
"44","2b62c545-8f35-465e-8e02-0ad532cd27f0","N","5.0","20260809","WDFW","WDFW","!04P00088055",NA,NA,NA,NA,NA,"1","1",2014,"3F42001^^270168^R01","3F42001^^270168^H","3F42001^^270168^S","Y","H",NA,"FR",38.83,150,NA,NA,NA,NA,NA,"5000",142471,"0000",1279,NA,NA,NA,NA,NA,NA,2015,10,1,2015,10,1
"63","429d0cfa-892f-42aa-8d24-534707ec6243","N","5.0","20260809","WDFW","WDFW","!04P00183674",NA,NA,NA,NA,NA,"1","1",2015,"3F42001^^270168^R01","3F42001^^270168^H","3F42001^^270168^S","Y","H",NA,"VO",37.61,150,NA,NA,NA,NA,NA,"5000",98572,"0000",585,NA,NA,NA,NA,NA,NA,2016,10,1,2016,10,31
"89","57377e96-75bb-4f9e-97a8-1f698d9dc75f","N","5.0","20260809","WDFW","WDFW","!04P00229560",NA,NA,NA,NA,NA,"1","1",2024,"3F42001^^270168^R01","3F42001^^270168^H","3F42001^^270168^S04","Y","H",NA,"VO",40.14,150,NA,NA,NA,NA,NA,"5000",185422,"0000",483,NA,NA,NA,NA,NA,NA,2025,10,1,2025,10,15
"92","5a5e39d9-115e-4a06-a530-15c572371005","N","5.0","20260809","WDFW","WDFW","!04P00220099",NA,NA,NA,NA,NA,"1","1",2023,"3F42001^^270168^R01","3F42001^^270168^H","3F42001^^270168^S04","Y","H",NA,"VO",38.43,150,NA,NA,NA,NA,NA,"5000",194448,"0000",938,NA,NA,NA,NA,NA,NA,2024,10,1,2024,10,14
"109","6def37c5-8cf2-401b-a211-7c109d3ffdcc","T","5.0","20260809","WDFW","WDFW","638531","12",NA,NA,"D","04202300001195","1","1",2022,"3F42001^^270168^R01","3F42001^^270168^H","3F42001^^270168^S04","Y","H","P","VO",38.44,150,NA,"0000",40407,NA,NA,"0000",553,NA,NA,NA,0.0135,NA,2068,NA,NA,2023,10,3,2023,10,25
"147","a277f451-ded8-403d-87c2-17603b7c5662","N","5.0","20260809","WDFW","WDFW","!04P00103072",NA,NA,NA,NA,NA,"1","1",2015,"3F42001^^270168^R01","3F42001^^270168^H","3F42001^^270168^S","Y","H",NA,"VO",37.45,150,NA,NA,NA,NA,NA,"5000",95450,"0000",566,NA,NA,NA,NA,NA,NA,2016,10,1,2016,10,31
"213","d2a81dd7-90e5-4bd1-b5e0-d87009d15911","N","5.0","20260809","WDFW","WDFW","!04P00229554",NA,NA,NA,NA,NA,"1","1",2024,"3F42001^^270168^R01","3F42001^^270168^H","3F42001^^270168^S04","Y","H",NA,"VO",38.11,150,NA,NA,NA,NA,NA,"5000",188573,"0000",492,NA,NA,NA,NA,NA,NA,2025,10,1,2025,10,15
"215","d3437357-9085-4225-9d24-8c7b48f4c10b","N","5.0","20260809","WDFW","WDFW","!04P00220101",NA,NA,NA,NA,NA,"1","1",2023,"3F42001^^270168^R01","3F42001^^270168^H","3F42001^^270168^S04","Y","H",NA,"VO",38.44,150,NA,NA,NA,NA,NA,"5000",193264,"0000",932,NA,NA,NA,NA,NA,NA,2024,10,1,2024,10,14
"259","fc125996-9458-4f2d-98af-a2292623ca90","T","5.0","20260809","WDFW","WDFW","638532","12",NA,NA,"D","04202300001195","1","1",2022,"3F42001^^270168^R01","3F42001^^270168^H","3F42001^^270168^S04","Y","H","P","VO",38.43,150,NA,"5000",38976,"0000",569,"5000",491,"0000",8,NA,0.0153,NA,2092,NA,NA,2023,10,3,2023,10,25
"19","1359bff0-70ad-4c64-992e-c549cee305f4","T","5.0","20260809","WDFW","WDFW","639108","12",NA,NA,"D","04202500001309","1","1",2024,"3F42001^^270168^R01","3F42001^^270168^H","3F42001^^270168^S04","Y","H","P","VO",40.14,151,NA,"5000",36858,NA,NA,"5000",67,NA,NA,NA,0.0018,NA,2196,NA,NA,2025,10,1,2025,10,15
"35","24dc9084-7e2f-405c-b58e-656167150e3b","T","5.0","20260809","WDFW","WDFW","638658","12",NA,NA,"D","04202400001271","1","1",2023,"3F42001^^270168^R01","3F42001^^270168^H","3F42001^^270168^S04","Y","H","P","VO",38.76,151,NA,"0000",39467,NA,NA,NA,NA,NA,NA,NA,NA,NA,2092,NA,NA,2024,10,1,2024,10,14
"66","4347d404-527e-40b0-8363-3cc3d9116ca8","N","5.0","20260809","WDFW","WDFW","!04P00103075",NA,NA,NA,NA,NA,"1","1",2015,"3F42001^^270168^R01","3F42001^^270168^H","3F42001^^270168^S","Y","H",NA,"VO",38.44,151,NA,NA,NA,NA,NA,"5000",92374,"0000",548,NA,NA,NA,NA,NA,NA,2016,10,1,2016,10,31
"107","6cca0765-8e6c-41c9-9ea1-e41bfa317dbd","T","5.0","20260809","WDFW","WDFW","639107","12",NA,NA,"D","04202500001309","1","1",2024,"3F42001^^270168^R01","3F42001^^270168^H","3F42001^^270168^S04","Y","H","P","VO",40.14,151,NA,"0000",36905,NA,NA,NA,NA,NA,NA,NA,NA,NA,2188,NA,NA,2025,10,1,2025,10,15
"108","6cfd4fc5-b2af-45d3-9c8e-d44caf5f3d61","N","5.0","20260809","WDFW","WDFW","!04P00133879",NA,NA,NA,NA,NA,"1","1",2017,"3F42001^^270168^R01","3F42001^^270168^H","3F42001^^270168^S04","Y","H",NA,"VO",38.11,151,NA,NA,NA,NA,NA,"5000",159842,"0000",868,NA,NA,NA,NA,NA,NA,2018,10,17,2018,10,31
"133","8ea200e8-f4c6-477c-a1e1-a12e0c2be12b","N","5.0","20260809","WDFW","WDFW","!04P00229557",NA,NA,NA,NA,NA,"1","1",2024,"3F42001^^270168^R01","3F42001^^270168^H","3F42001^^270168^S04","Y","H",NA,"VO",40.14,151,NA,NA,NA,NA,NA,"5000",185074,"0000",482,NA,NA,NA,NA,NA,NA,2025,10,1,2025,10,15
"212","d1f4b1d9-5074-4382-96b7-83b7e347c443","N","5.0","20260809","WDFW","WDFW","!04P00088052",NA,NA,NA,NA,NA,"1","1",2014,"3F42001^^270168^R01","3F42001^^270168^H","3F42001^^270168^S","Y","H",NA,"FR",38.57,151,NA,NA,NA,NA,NA,"5000",141798,"0000",1273,NA,NA,NA,NA,NA,NA,2015,10,1,2015,10,1
"226","da9eade3-efa1-46c5-b0b1-47bd61c8540d","N","5.0","20260809","WDFW","WDFW","!04P00220094",NA,NA,NA,NA,NA,"1","1",2023,"3F42001^^270168^R01","3F42001^^270168^H","3F42001^^270168^S04","Y","H",NA,"VO",38.76,151,NA,NA,NA,NA,NA,"5000",195097,"0000",941,NA,NA,NA,NA,NA,NA,2024,10,1,2024,10,14
"257","fba7c321-eeb3-45b8-8b8e-2bd0f3433642","T","5.0","20260809","WDFW","WDFW","638659","12",NA,NA,"D","04202400001271","1","1",2023,"3F42001^^270168^R01","3F42001^^270168^H","3F42001^^270168^S04","Y","H","P","VO",38.76,151,NA,"5000",39321,NA,NA,"5000",146,NA,NA,NA,0.0037,NA,2176,NA,NA,2024,10,1,2024,10,14
"2","006954d4-cbd4-4d50-9634-40ff70d916df","N","5.0","20260809","WDFW","WDFW","!04P00194654",NA,NA,NA,NA,NA,"1","1",2021,"3F42001^^270168^R01","3F42001^^270168^H","3F42001^^270168^S04","Y","H",NA,"VO",37.79,152,NA,NA,NA,NA,NA,"5000",195083,"0000",2349,NA,NA,NA,NA,NA,NA,2022,10,13,2022,10,27
"4","049fb8a0-a256-4d72-9669-7c14cb5676eb","T","5.0","20260809","WDFW","WDFW","638210","12",NA,NA,"D","04202200001149","1","1",2021,"3F42001^^270168^R01","3F42001^^270168^H","3F42001^^270168^S04","Y","H","P","VO",37.79,152,NA,"0000",36065,NA,NA,"0000",76,NA,NA,NA,0.0021,NA,1924,NA,NA,2022,10,12,2022,10,27
"15","10fd9cd8-8d86-4d75-a2d6-572f46220a2d","T","5.0","20260809","WDFW","WDFW","638211","12",NA,NA,"D","04202200001149","1","1",2021,"3F42001^^270168^R01","3F42001^^270168^H","3F42001^^270168^S04","Y","H","P","VO",37.79,152,NA,"5000",35878,"0000",433,"5000",72,NA,NA,NA,0.002,NA,2024,NA,NA,2022,10,12,2022,10,27
"61","41ad214d-8149-4a24-82a2-47d3a0280626","T","5.0","20260809","WDFW","WDFW","637391","12",NA,NA,"D","04201800000985","1","1",2017,"3F42001^^270168^R01","3F42001^^270168^H","3F42001^^270168^S04","Y","H","P","VO",38.76,152,NA,"5000",37494,"0000",239,"5000",68,NA,NA,NA,0.0018,NA,2248,NA,NA,2018,10,17,2018,10,31
"83","549cc23f-43db-4915-b2c2-635fff315552","N","5.0","20260809","WDFW","WDFW","!04P00022283",NA,NA,NA,NA,NA,"1","1",2012,"3F42001^^270168^R01","3F42001^^270168^H","3F42001^^270168^S","Y","H",NA,"VO",39.1,152,NA,NA,NA,NA,NA,"5000",73924,"0000",215,NA,NA,NA,NA,NA,NA,2014,3,3,2014,3,7
"120","7ae8601f-0412-4119-ab29-0c4f4de76576","T","5.0","20260809","WDFW","WDFW","636564","13",NA,NA,"D","04201400000084","1","1",2012,"3F42001^^270168^R01","3F42001^^270168^H","3F42001^^270168^S","Y","H","P","VO",39.1,152,NA,"5000",41989,"0000",122,NA,NA,NA,NA,NA,NA,NA,1000,NA,NA,2014,3,3,2014,3,7
"125","88cffda1-7345-4884-8f0e-37005d5bee37","N","5.0","20260809","WDFW","WDFW","!04P00133878",NA,NA,NA,NA,NA,"1","1",2017,"3F42001^^270168^R01","3F42001^^270168^H","3F42001^^270168^S04","Y","H",NA,"VO",38.76,152,NA,NA,NA,NA,NA,"5000",159865,"0000",868,NA,NA,NA,NA,NA,NA,2018,10,17,2018,10,31
"137","935ce046-c593-450f-96f2-8e50fb95e460","T","5.0","20260809","WDFW","WDFW","636567","13",NA,NA,"D","04201400000084","1","1",2012,"3F42001^^270168^R01","3F42001^^270168^H","3F42001^^270168^S","Y","H","P","VO",39.1,152,NA,"0000",42172,NA,NA,"0000",254,NA,NA,NA,0.006,NA,1000,NA,NA,2014,3,3,2014,3,7
"157","afcf04d7-5fb2-4fcc-96c2-0ebd48652801","N","5.0","20260809","WDFW","WDFW","!04P00047065",NA,NA,NA,NA,NA,"1","1",2004,"3F42001^^270168^R01","3F42001^^270168^H","3F42001^^270168^S","Y","H",NA,NA,46.28,152,NA,NA,NA,NA,NA,"5000",306673,NA,NA,NA,NA,NA,NA,NA,NA,2006,3,21,2006,3,21
"254","f952bd7e-0094-43cd-8775-909c3b8bd3ff","T","5.0","20260809","WDFW","WDFW","637392","12",NA,NA,"D","04201800000985","1","1",2017,"3F42001^^270168^R01","3F42001^^270168^H","3F42001^^270168^S04","Y","H","P","VO",38.76,152,NA,"0000",37909,NA,NA,"0000",72,NA,NA,NA,0.0019,NA,2108,NA,NA,2018,10,17,2018,10,31
"255","f9e31366-0d46-49f5-8602-58566233141a","N","5.0","20260809","WDFW","WDFW","!04P00078575",NA,NA,NA,NA,NA,"1","1",2012,"3F42001^^270168^R01","3F42001^^270168^H","3F42001^^270168^S","Y","H",NA,"VO",38.11,152,NA,NA,NA,NA,NA,"5000",93976,"0000",273,NA,NA,NA,NA,NA,NA,2014,3,3,2014,3,7
"20","175e094f-d594-4678-bce1-b2f4f19d8838","N","5.0","20260809","WDFW","WDFW","!04P00104236",NA,NA,NA,NA,NA,"1","1",2015,"3F42001^^270168^R01","3F42001^^270168^H","3F42001^^270168^S","Y","H",NA,"VO",38.4,153,NA,NA,NA,NA,NA,"5000",93507,"0000",555,NA,NA,NA,NA,NA,NA,2016,10,1,2016,10,31
"54","368f74f9-b15d-46b5-8f53-247459337cb2","T","5.0","20260809","WDFW","WDFW","634243","0",NA,NA,NA,NA,"1","1",1990,"3F42001^^270168^R","3F42001^^270168^H","3F42001^^270168^S","S","H","B",NA,50.39,153,"N","5000",52496,NA,NA,"0000",137134,"5000",370,"B",NA,24,2123,NA,NA,1992,3,12,1992,3,16
"135","92aa792a-5ac6-4f66-a174-f946ff9ba542","N","5.0","20260809","WDFW","WDFW","!04P00088049",NA,NA,NA,NA,NA,"1","1",2014,"3F42001^^270168^R01","3F42001^^270168^H","3F42001^^270168^S","Y","H",NA,"FR",39.75,153,NA,NA,NA,NA,NA,"5000",143496,"0000",1289,NA,NA,NA,NA,NA,NA,2015,10,1,2015,10,1
"148","a3b5a69f-9f9e-4f6a-94ff-2a6cc9b1bc5d","N","5.0","20260809","WDFW","WDFW","!04P00104235",NA,NA,NA,NA,NA,"1","1",2015,"3F42001^^270168^R01","3F42001^^270168^H","3F42001^^270168^S","Y","H",NA,"VO",38.4,153,NA,NA,NA,NA,NA,"0000",1256,NA,NA,NA,NA,NA,NA,NA,NA,2016,10,1,2016,10,31
"164","b3a0fb74-b2e2-446d-8318-f88168539512","T","5.0","20260809","WDFW","WDFW","637027","13",NA,NA,"D","04201600000888","1","1",2015,"3F42001^^270168^R01","3F42001^^270168^H","3F42001^^270168^S","Y","H","P","VO",38.43,153,NA,"0000",61567,NA,NA,NA,NA,NA,NA,NA,NA,NA,2208,NA,NA,2016,10,1,2016,10,31
"245","f3346d9c-c877-4475-9bc2-bcd0584bffed","T","5.0","20260809","WDFW","WDFW","637028","13",NA,NA,"D","04201600000888","1","1",2015,"3F42001^^270168^R01","3F42001^^270168^H","3F42001^^270168^S","Y","H","P","VO",38.43,153,NA,"5000",61056,"0000",266,"5000",245,NA,NA,NA,0.004,NA,1979,NA,NA,2016,10,1,2016,10,31
"38","28b0a05d-de9f-4c6f-8977-c19de2f1f061","N","5.0","20260809","WDFW","WDFW","!04P00046647",NA,NA,NA,NA,NA,"1","1",2001,"3F42001^^270168^R01","3F42001^^270168^H","3F42001^^270168^S","Y","H",NA,NA,50.39,154,NA,NA,NA,NA,NA,"5000",249536,"0000",15928,NA,NA,NA,NA,NA,NA,2003,3,6,2003,3,13
"79","4d57078f-9c10-4bc9-aac0-6227dcedfcf6","T","5.0","20260809","WDFW","WDFW","636615","12",NA,NA,"D","04201500000784","1","1",2013,"3F42001^^270168^R01","3F42001^^270168^H","3F42001^^270168^S","Y","H","P","VO",39.44,154,NA,"5000",47192,"0000",67,"5000",86,NA,NA,NA,0.0018,NA,2188,NA,NA,2015,2,3,2015,2,6
"82","5424ca1c-e072-4f88-9ee6-950e9c836608","N","5.0","20260809","WDFW","WDFW","!04P00088046",NA,NA,NA,NA,NA,"1","1",2014,"3F42001^^270168^R01","3F42001^^270168^H","3F42001^^270168^S","Y","H",NA,"FR",40.46,154,NA,NA,NA,NA,NA,"5000",142205,"0000",1277,NA,NA,NA,NA,NA,NA,2015,10,1,2015,10,1
"105","6512f284-9fea-4cee-9300-8acb3c7a1fc6","T","5.0","20260809","WDFW","WDFW","636777","12",NA,NA,"D","04201500000826","1","1",2014,"3F42001^^270168^R01","3F42001^^270168^H","3F42001^^270168^S",NA,"H","P","FR",40.46,154,NA,"5000",72530,"0000",652,"5000",132,NA,NA,NA,0.0019,NA,3754,NA,NA,2015,8,3,2015,10,1
"118","7989dbce-1045-4a99-bf1d-ccfd5cd9d13a","N","5.0","20260809","WDFW","WDFW","!04P00092947",NA,NA,NA,NA,NA,"1","1",2013,"3F42001^^270168^R01","3F42001^^270168^H","3F42001^^270168^S","Y","H",NA,"VO",39.44,154,NA,NA,NA,NA,NA,"5000",96742,"0000",136,NA,NA,NA,NA,NA,NA,2015,2,3,2015,2,6
"220","d8113228-3634-48e9-8683-76574d0c6ab5","T","5.0","20260809","WDFW","WDFW","636616","12",NA,NA,"D","04201500000784","1","1",2013,"3F42001^^270168^R01","3F42001^^270168^H","3F42001^^270168^S","Y","H","P","VO",39.44,154,NA,"0000",47136,NA,NA,"0000",208,NA,NA,NA,0.0053,NA,2244,NA,NA,2015,2,3,2015,2,6
"224","d97bebaa-48a1-4665-8170-afd4bc8c26ab","T","5.0","20260809","WDFW","WDFW","636778","12",NA,NA,"D","04201500000826","1","1",2014,"3F42001^^270168^R01","3F42001^^270168^H","3F42001^^270168^S",NA,"H","P","FR",40.46,154,NA,"0000",72782,NA,NA,"0000",532,NA,NA,NA,0.0073,NA,3862,NA,NA,2015,8,3,2015,10,1
"181","b9be8d2a-0b70-4fdc-be4f-c6b5a70770b0","N","5.0","20260809","WDFW","WDFW","!04P00053067",NA,NA,NA,NA,NA,"1","1",1996,"3F42001^^270168^R","3F42001^^270168^H","3F42001^^270168^S","Y","H",NA,"VO",49.84,155,NA,NA,NA,NA,NA,"0000",407437,NA,NA,NA,NA,NA,NA,NA,"VOLITIONAL RELEASE.",1998,3,22,1998,3,22
"186","bc48e284-cb9a-44c1-bb72-9ae3ee691843","N","5.0","20260809","WDFW","WDFW","!04P00006807",NA,NA,NA,NA,NA,"1","1",2012,"3F42001^^270168^R01","3F42001^^270168^H","3F42001^^270168^S","Y","H",NA,"VO",41.23,155,NA,NA,NA,NA,NA,"5000",86800,"0000",252,NA,NA,NA,NA,NA,NA,2014,2,3,2014,2,10
"216","d3725bc8-fa64-4fba-bd89-8cf25641d41d","N","5.0","20260809","WDFW","WDFW","!04P00004973",NA,NA,NA,NA,NA,"1","1",2012,"3F42001^^270168^R01","3F42001^^270168^H","3F42001^^270168^S","Y","H",NA,"VO",41.23,155,NA,NA,NA,NA,NA,"5000",101989,"0000",297,NA,NA,NA,NA,NA,NA,2014,2,3,2014,2,10
"13","0e7c4b9d-9c26-40fb-8270-ab3c23e50cfe","N","5.0","20260809","WDFW","WDFW","!04P00115027",NA,NA,NA,NA,NA,"1","1",2016,"3F42001^^270168^R","3F42001^^270168^H","3F42001^^270168^S04","Y","H",NA,"VO",44.03,156,NA,NA,NA,NA,NA,"5000",41035,"0000",99,NA,NA,NA,NA,NA,NA,2017,10,5,2017,10,25
"22","192405fc-20f8-4433-8aa7-1058c10f2f6a","T","5.0","20260809","WDFW","WDFW","636565","13",NA,NA,"D","04201400000085","1","1",2012,"3F42001^^270168^R01","3F42001^^270168^H","3F42001^^270168^S","Y","H","P","VO",39.78,157,NA,"5000",44301,"0000",129,"5000",93,NA,NA,NA,0.0021,NA,964,NA,NA,2014,2,3,2014,2,10
"45","2cae1121-76d6-4df0-a9f6-c197532cb493","T","5.0","20260809","WDFW","WDFW","637124","12",NA,NA,"D","04201700000920","1","1",2016,"3F42001^^270168^R01","3F42001^^270168^H","3F42001^^270168^S04","Y","H","P","VO",41.61,157,NA,"0000",47929,NA,NA,"0000",96,NA,NA,NA,0.002,NA,500,NA,NA,2017,10,5,2017,10,25
"122","80bd703b-25aa-4223-9129-6e9f0e000bd8","T","5.0","20260809","WDFW","WDFW","637123","12",NA,NA,"D","04201700000920","1","1",2016,"3F42001^^270168^R01","3F42001^^270168^H","3F42001^^270168^S04","Y","H","P","VO",41.61,157,NA,"5000",47814,"0000",115,"5000",96,NA,NA,NA,0.002,NA,500,NA,NA,2017,10,5,2017,10,25
"124","888e6dcd-14a4-42be-8f03-2fd03384367d","T","5.0","20260809","WDFW","WDFW","639102","12",NA,NA,"D","04202600001307","1","1",2024,"3F42001^^270168^R01","3F42001^^270168^H","3F42001^^270168^S04","Y","H","P","VO",48.77,157,NA,"0000",34553,NA,NA,NA,NA,NA,NA,NA,NA,NA,551,NA,NA,2026,2,2,2026,2,11
"134","8fcb3027-e9f8-4830-8f08-bc9cb6187077","N","5.0","20260809","WDFW","WDFW","!04P00115030",NA,NA,NA,NA,NA,"1","1",2016,"3F42001^^270168^R01","3F42001^^270168^H","3F42001^^270168^S04","Y","H",NA,"VO",41.61,157,NA,NA,NA,NA,NA,"5000",39902,"0000",96,NA,NA,NA,NA,NA,NA,2017,10,5,2017,10,25
"160","b180cf29-a707-4d50-b9c9-daa0790b1e4b","N","5.0","20260809","WDFW","WDFW","!04P00007931",NA,NA,NA,NA,NA,"1","1",2012,"3F42001^^270168^R01","3F42001^^270168^H","3F42001^^270168^S","Y","H",NA,"VO",39.78,157,NA,NA,NA,NA,NA,"5000",99911,"0000",291,NA,NA,NA,NA,NA,NA,2014,2,3,2014,2,10
"168","b52fcea3-a17c-4bcc-8b1f-c0a642ef1d7c","T","5.0","20260809","WDFW","WDFW","636568","13",NA,NA,"D","04201400000085","1","1",2012,"3F42001^^270168^R01","3F42001^^270168^H","3F42001^^270168^S","Y","H","P","VO",39.78,157,NA,"0000",43892,NA,NA,"0000",88,NA,NA,NA,0.002,NA,984,NA,NA,2014,2,3,2014,2,10
"198","c59e6ed0-2137-4570-9cb8-9eefddd5e044","T","5.0","20260809","WDFW","WDFW","637389","12",NA,NA,"D","04201900000988","1","1",2017,"3F42001^^270168^R01","3F42001^^270168^H","3F42001^^270168^S04","Y","H","P","VO",41.23,157,NA,"5000",37261,"0000",75,"5000",75,NA,NA,NA,0.002,NA,504,NA,"AD+",2019,2,1,2019,2,19
"218","d4816546-fb82-498c-a9b6-11492e536784","T","5.0","20260809","WDFW","WDFW","639103","12",NA,NA,"D","04202600001307","1","1",2024,"3F42001^^270168^R01","3F42001^^270168^H","3F42001^^270168^S04","Y","H","P","VO",48.77,157,NA,"5000",34899,"0000",63,NA,NA,NA,NA,NA,NA,NA,549,NA,NA,2026,2,2,2026,2,11
"219","d63d00a8-7ba2-432d-a0d2-79097b95aaee","T","5.0","20260809","WDFW","WDFW","637390","12",NA,NA,"D","04201900000988","1","1",2017,"3F42001^^270168^R01","3F42001^^270168^H","3F42001^^270168^S04","Y","H","P","VO",41.23,157,NA,"0000",37261,NA,NA,"0000",150,NA,NA,NA,0.004,NA,252,NA,"CWT ONLY",2019,2,1,2019,2,19
"228","e20789b1-17b1-4a8a-816d-1fdfe154d1e1","N","5.0","20260809","WDFW","WDFW","!04P00230917",NA,NA,NA,NA,NA,"1","1",2024,"3F42001^^270168^R01","3F42001^^270168^H","3F42001^^270168^S04","Y","H",NA,"VO",48.77,157,NA,NA,NA,NA,NA,"5000",28757,"0000",46,NA,NA,NA,NA,NA,NA,2026,2,2,2026,2,11
"236","ed85ec2b-0a06-40f8-9219-b44b04b0030a","N","5.0","20260809","WDFW","WDFW","!04P00012400",NA,NA,NA,NA,NA,"1","1",2012,"3F42001^^270168^R01","3F42001^^270168^H","3F42001^^270168^S","Y","H",NA,"VO",39.78,157,NA,NA,NA,NA,NA,"5000",82610,"0000",240,NA,NA,NA,NA,NA,NA,2014,2,3,2014,2,10
"253","f8a746c7-8551-475d-85a6-60ac7fbd54e2","N","5.0","20260809","WDFW","WDFW","!04P00136092",NA,NA,NA,NA,NA,"1","1",2017,"3F42001^^270168^R01","3F42001^^270168^H","3F42001^^270168^S04","Y","H",NA,"VO",41.23,157,NA,NA,NA,NA,NA,"5000",83190,"0000",511,NA,NA,NA,NA,NA,"AD ONLY",2019,2,1,2019,2,19
"32","21b66c95-401f-4ce6-a151-61b466455ddc","T","5.0","20260809","WDFW","WDFW","637834","12",NA,NA,"D","04202200001107","1","1",2020,"3F42001^^270168^R01","3F42001^^270168^H","3F42001^^270168^S04","Y","H","P","VO",47.24,158,NA,"5000",36909,"0000",74,"5000",74,NA,NA,NA,0.002,NA,500,NA,NA,2022,2,2,2022,2,16
"42","2a523237-6071-461f-9603-f4179507d8d5","T","5.0","20260809","WDFW","WDFW","637835","12",NA,NA,"D","04202200001107","1","1",2020,"3F42001^^270168^R01","3F42001^^270168^H","3F42001^^270168^S04","Y","H","P","VO",47.24,158,NA,"0000",36906,NA,NA,NA,NA,NA,NA,NA,NA,NA,500,NA,NA,2022,2,2,2022,2,16
"60","4184c4a9-1f64-41ed-8c31-0f22c0852aa5","N","5.0","20260809","WDFW","WDFW","!04P00115024",NA,NA,NA,NA,NA,"1","1",2016,"3F42001^^270168^R01","3F42001^^270168^H","3F42001^^270168^S04","Y","H",NA,"VO",43.61,158,NA,NA,NA,NA,NA,"5000",25948,"0000",62,NA,NA,NA,NA,NA,NA,2017,10,5,2017,10,25
"91","59425325-938e-490f-bfba-b933655f8849","N","5.0","20260809","WDFW","WDFW","!04P00192266",NA,NA,NA,NA,NA,"1","1",2020,"3F42001^^270168^R01","3F42001^^270168^H","3F42001^^270168^S04","Y","H",NA,"VO",47.24,158,NA,NA,NA,NA,NA,"5000",77491,"0000",421,NA,NA,NA,NA,NA,NA,2022,2,2,2022,2,16
"97","60713e71-7e69-4db4-8ebb-4039d1428b75","T","5.0","20260809","WDFW","WDFW","637145","12",NA,NA,"D","04201700000920","1","1",2016,"3F42001^^270168^R01","3F42001^^270168^H","3F42001^^270168^S04","Y","H","P","VO",44.03,158,NA,"0000",99317,NA,NA,"0000",199,NA,NA,NA,0.002,NA,500,NA,NA,2017,10,5,2017,10,25
"136","933c0f36-08aa-4ebb-9e79-74afddd302c9","T","5.0","20260809","WDFW","WDFW","637144","12",NA,NA,"D","04201700000920","1","1",2016,"3F42001^^270168^R01","3F42001^^270168^H","3F42001^^270168^S04","Y","H","P","VO",44.03,158,NA,"5000",99078,"0000",239,"5000",199,NA,NA,NA,0.002,NA,500,NA,NA,2017,10,5,2017,10,25
"87","55d8524a-5f21-48e3-8339-ee0aaa61aeaa","T","5.0","20260809","WDFW","WDFW","634240","0",NA,NA,NA,NA,"1","1",1990,"3F42001^^270168^R","3F42001^^270168^H","3F42001^^270168^S","S","H","B",NA,56.69,159,"N","5000",50161,NA,NA,"0000",675534,"5000",405,"B",NA,27,2019,NA,NA,1992,3,22,1992,3,22
"30","20c23e09-6c31-49d0-b79e-46b5ad72c564","T","5.0","20260809","WDFW","WDFW","638657","12",NA,NA,"D","04202500001268","1","1",2023,"3F42001^^270168^R01","3F42001^^270168^H","3F42001^^270168^S04","Y","H","P","VO",50.39,160,NA,"5000",36955,NA,NA,"5000",137,NA,NA,NA,0.0037,NA,544,NA,NA,2025,2,1,2025,2,11
"48","2f7755d2-5aea-461a-af9c-8c93b24f757d","T","5.0","20260809","WDFW","WDFW","638652","12",NA,NA,"D","04202500001268","1","1",2023,"3F42001^^270168^R01","3F42001^^270168^H","3F42001^^270168^S04","Y","H","P","VO",50.39,160,NA,"0000",37531,NA,NA,NA,NA,NA,NA,NA,NA,NA,512,NA,NA,2025,2,1,2025,2,11
"95","5ec37f62-733b-4f3d-b1e5-b21d88363db5","N","5.0","20260809","WDFW","WDFW","!04P00232496",NA,NA,NA,NA,NA,"1","1",2023,"3F42001^^270168^R01","3F42001^^270168^H","3F42001^^270168^S04","Y","H",NA,"VO",50.39,160,NA,NA,NA,NA,NA,"5000",44186,"0000",75,NA,NA,NA,NA,NA,NA,2025,2,1,2025,2,11
"40","298110c5-ac5d-4856-90c6-f77bff053c0b","T","5.0","20260809","WDFW","WDFW","635276","12",NA,NA,"D","04201100000572","1","1",2009,"3F42001^^270168^R01","3F42001^^270168^H","3F42001^^270168^S","Y","H",NA,"FR",52.74,161,NA,"0000",138604,NA,NA,NA,NA,NA,NA,NA,NA,NA,2096,NA,NA,2011,3,1,2011,3,1
"50","322e6169-a422-43e0-9ad2-8284f76daf03","N","5.0","20260809","WDFW","WDFW","!04P00050925",NA,NA,NA,NA,NA,"1","1",2009,"3F42001^^270168^R01","3F42001^^270168^H","3F42001^^270168^S","Y","H",NA,"FR",52.74,161,NA,NA,NA,NA,NA,"5000",292505,"0000",2835,NA,NA,NA,NA,NA,NA,2011,3,1,2011,3,1
"84","54ba060c-66f5-422e-a737-7ab502d76beb","N","5.0","20260809","WDFW","WDFW","!04P00057395",NA,NA,NA,NA,NA,"1","1",2005,"3F42001^^270168^R01","3F42001^^270168^H","3F42001^^270168^S","Y","H",NA,NA,56.69,161,NA,NA,NA,NA,NA,"5000",337336,"0000",2720,NA,NA,NA,NA,NA,NA,2007,3,19,2007,3,19
"103","63902d22-2c5b-460c-bded-18dc8dd7e48c","N","5.0","20260809","WDFW","WDFW","!04P00052456",NA,NA,NA,NA,NA,"1","1",2009,"3F42001^^270168^R01","3F42001^^270168^H","3F42001^^270168^S","Y","H",NA,"FR",52.74,161,NA,NA,NA,NA,NA,"5000",61413,"0000",595,NA,NA,NA,NA,NA,NA,2011,3,1,2011,3,1
"130","8c303661-c25b-41da-838e-6e0e0b8a233f","T","5.0","20260809","WDFW","WDFW","635278","12",NA,NA,"D","04201100000572","1","1",2009,"3F42001^^270168^R01","3F42001^^270168^H","3F42001^^270168^S","Y","H",NA,"FR",52.74,161,NA,"5000",144628,"0000",819,"5000",819,NA,NA,NA,0.0056,NA,2144,NA,NA,2011,3,1,2011,3,1
"151","a7aad988-b8d3-4ca7-80e2-8a4e4c6c54a1","N","5.0","20260809","WDFW","WDFW","!04P00055027",NA,NA,NA,NA,NA,"1","1",2009,"3F42001^^270168^R01","3F42001^^270168^H","3F42001^^270168^S","Y","H",NA,"FR",52.74,161,NA,NA,NA,NA,NA,"5000",136605,"0000",1324,NA,NA,NA,NA,NA,NA,2011,3,1,2011,3,1
"217","d41d7513-8078-4ce2-bfb5-b5bb48f6c483","N","5.0","20260809","WDFW","WDFW","!04P00023240",NA,NA,NA,NA,NA,"1","1",2009,"3F42001^^270168^R01","3F42001^^270168^H","3F42001^^270168^S","Y","H",NA,"FR",52.74,161,NA,NA,NA,NA,NA,"5000",61366,"0000",595,NA,NA,NA,NA,NA,NA,2011,3,1,2011,3,1
"234","ebf1774b-d6fb-4f2b-ac2d-525b5162248a","N","5.0","20260809","WDFW","WDFW","!04P00031660",NA,NA,NA,NA,NA,"1","1",2009,"3F42001^^270168^R01","3F42001^^270168^H","3F42001^^270168^S","Y","H",NA,"FR",52.74,161,NA,NA,NA,NA,NA,"5000",61436,"0000",595,NA,NA,NA,NA,NA,NA,2011,3,1,2011,3,1
"94","5e5312ce-885d-413c-8b11-14fb9c73669b","N","5.0","20260809","WDFW","WDFW","!04P00055534",NA,NA,NA,NA,NA,"1","1",2000,"3F42001^^270168^R01","3F42001^^270168^H","3F42001^^270168^S","Y","H",NA,NA,53.55,162,NA,NA,NA,NA,NA,"5000",233431,"0000",2835,NA,NA,NA,NA,NA,NA,2002,3,20,2002,3,20
"56","3a153f67-e767-4c4a-8a54-3945d4d4ae0d","N","5.0","20260809","WDFW","WDFW","!04P00150799",NA,NA,NA,NA,NA,"1","1",2018,"3F42001^^270168^R01","3F42001^^270168^H","3F42001^^270168^S04","Y","H",NA,"VO",56.69,163,NA,NA,NA,NA,NA,"5000",68255,"0000",502,NA,NA,NA,NA,NA,"AD ONLY",2020,2,11,2020,2,28
"100","6223e682-207f-4b5a-91de-1ff46d30372e","T","5.0","20260809","WDFW","WDFW","637663","12",NA,NA,"D","04202100001066","1","1",2019,"3F42001^^270168^R01","3F42001^^270168^H","3F42001^^270168^S04","Y","H","P","VO",47.74,163,NA,"0000",35621,NA,NA,NA,NA,NA,NA,NA,NA,NA,1000,NA,"CWT ONLY",2021,2,3,2021,3,15
"154","ab5b1ab0-5f1a-4fc9-aacd-24e8ec576b3c","N","5.0","20260809","WDFW","WDFW","!04P00168755",NA,NA,NA,NA,NA,"1","1",2019,"3F42001^^270168^R01","3F42001^^270168^H","3F42001^^270168^S04","Y","H",NA,"VO",47.74,163,NA,NA,NA,NA,NA,"5000",73247,"0000",287,NA,NA,NA,NA,NA,NA,2021,2,3,2021,2,22
"171","b61d14b2-eb4d-4efe-ac07-5ee1762e5247","T","5.0","20260809","WDFW","WDFW","637476","12",NA,NA,"O","04202000001002","1","1",2018,"3F42001^^270168^R01","3F42001^^270168^H","3F42001^^270168^S04","Y","H","P","VO",56.69,163,NA,"5000",33708,"0000",341,"5000",340,"0000",3,NA,0.01,NA,500,NA,"AD+CWT",2020,2,11,2020,2,28
"187","bd1d72b8-b8f7-4cb4-ab86-8b1f023536a7","T","5.0","20260809","WDFW","WDFW","637480","12",NA,NA,"O","04202000001002","1","1",2018,"3F42001^^270168^R01","3F42001^^270168^H","3F42001^^270168^S04","Y","H","P","VO",56.69,163,NA,"0000",33981,NA,NA,NA,NA,NA,NA,NA,NA,NA,500,NA,"CWT ONLY",2020,2,11,2020,2,28
"189","c0d3b365-df76-46a0-a460-dc1f42b190c0","T","5.0","20260809","WDFW","WDFW","637659","12",NA,NA,"D","04202100001066","1","1",2019,"3F42001^^270168^R01","3F42001^^270168^H","3F42001^^270168^S04","Y","H","P","VO",47.74,163,NA,"5000",35094,"0000",212,"5000",212,"0000",1,NA,0.006,NA,1000,NA,"AD+",2021,2,3,2021,3,15
"239","eec7f09d-0710-4bde-b80b-5e06fd81b981","N","5.0","20260809","WDFW","WDFW","!04P00170944",NA,NA,NA,NA,NA,"1","1",2019,"3F42001^^270168^R01","3F42001^^270168^H","3F42001^^270168^S04","Y","H",NA,"FR",45.35,163,NA,NA,NA,NA,NA,"5000",304,"0000",1,NA,NA,NA,NA,NA,"AD ONLY",2021,3,15,2021,3,15
"274","ecd4ac80-86f6-4e89-87ac-ba13046712f9","N","5.0","20260809","WDFW","WDFW","!04P00056499",NA,NA,NA,NA,NA,"1","1",2001,"3F42001^^270168^R","3F42001^^270430^H","3F42001^^270168^S","Y","H",NA,NA,52.74,163,NA,NA,NA,NA,NA,"5000",76454,NA,NA,NA,NA,NA,NA,NA,NA,2003,3,21,2003,3,21
"132","8d8409c9-9ca0-42c9-ae56-63a25dc572d0","T","5.0","20260809","WDFW","WDFW","632393","12",NA,NA,"D","04200600000569","1","1",2004,"3F42001^^270168^R01","3F42001^^270168^H","3F42001^^270168^S","Y","H",NA,NA,55.99,164,NA,"0000",144877,NA,NA,"0000",2610,NA,NA,NA,0.0177,NA,NA,NA,NA,2006,3,20,2006,3,21
"149","a5be8e8f-4bc7-462a-80fb-ba4aa8f01dc2","N","5.0","20260809","WDFW","WDFW","!04P00044994",NA,NA,NA,NA,NA,"1","1",2007,"3F42001^^270168^R01","3F42001^^270168^H","3F42001^^270168^S","Y","H",NA,"VO",50.39,164,NA,NA,NA,NA,NA,"5000",339745,"0000",2292,NA,NA,NA,NA,NA,"BEGAN VOLITIONAL RELEASE ON 2/17 AND FORCED THE REMAINING FISH OUT ON 3/23.",2009,2,17,2009,3,23
"192","c2a53b69-c9d0-4249-97ba-4f59da410aa5","N","5.0","20260809","WDFW","WDFW","!04P00034733",NA,NA,NA,NA,NA,"1","1",2004,"3F42001^^270168^R01","3F42001^^270168^H","3F42001^^270168^S","Y","H",NA,NA,55.99,164,NA,NA,NA,NA,NA,"5000",353720,NA,NA,NA,NA,NA,NA,NA,NA,2006,3,20,2006,3,20
"193","c405202c-9b76-4470-997c-326fe2711323","N","5.0","20260809","WDFW","WDFW","!04P00014183",NA,NA,NA,NA,NA,"1","1",2011,"3F42001^^270168^R01","3F42001^^270168^H","3F42001^^270168^S","Y","H",NA,"VO",53.99,164,NA,NA,NA,NA,NA,"5000",91105,"0000",865,NA,NA,NA,NA,NA,NA,2013,2,1,2013,2,10
"200","c678f813-9fec-4c2b-ae1b-15253099a113","T","5.0","20260809","WDFW","WDFW","634387","12",NA,NA,NA,NA,"1","1",2007,"3F42001^^270168^R01","3F42001^^270168^H","3F42001^^270168^S","Y","H","I","VO",50.39,164,NA,"0000",143124,NA,NA,"0000",11371,NA,NA,NA,0.0736,NA,1006,NA,"VOLITIONALLY RELEASED ON 2/17 AND REMAINING FISH FORCED RELEASED ON 3/16.",2009,2,17,2009,3,23
"203","cb324ada-9f72-4fae-ab80-cb3c10e37950","T","5.0","20260809","WDFW","WDFW","632394","12",NA,NA,"D","04200600000569","1","1",2004,"3F42001^^270168^R01","3F42001^^270168^H","3F42001^^270168^S","Y","H",NA,NA,55.99,164,NA,"5000",136500,"0000",1076,"5000",9911,NA,NA,NA,0.0672,NA,NA,NA,NA,2006,3,20,2006,3,21
"237","ee1d1303-579f-482a-b447-230cb4150012","T","5.0","20260809","WDFW","WDFW","634388","12",NA,NA,NA,NA,"1","1",2007,"3F42001^^270168^R01","3F42001^^270168^H","3F42001^^270168^S","Y","H","I","VO",50.39,164,NA,"5000",136444,"0000",8501,"5000",8501,NA,NA,NA,0.0554,NA,1010,NA,"VOLITIONALLY RELEASED ON 2/17 AND REMAINING FISH FORCED RELEASED ON 3/16.",2009,2,17,2009,3,23
"72","477bd2c3-1ac6-41a9-b791-1dfc207655e9","T","5.0","20260809","WDFW","WDFW","637481","12",NA,NA,"O","04202000001003","1","1",2018,"3F42001^^270168^R01","3F42001^^270168^H","3F42001^^270168^S04","Y","H","P","VO",56.69,165,NA,"0000",35835,NA,NA,NA,NA,NA,NA,NA,NA,NA,500,NA,"CWT ONLY",2020,2,11,2020,2,28
"146","a23b3149-307e-42dc-8c9c-f28ed9331939","N","5.0","20260809","WDFW","WDFW","!04P00150806",NA,NA,NA,NA,NA,"1","1",2018,"3F42001^^270168^R01","3F42001^^270168^H","3F42001^^270168^S04","Y","H",NA,"VO",56.69,165,NA,NA,NA,NA,NA,"5000",84641,"0000",924,NA,NA,NA,NA,NA,"AD ONLY",2020,2,11,2020,2,28
"163","b33b8133-98d8-47c0-bf49-58f05eaf2da2","T","5.0","20260809","WDFW","WDFW","637477","12",NA,NA,"O","04202000001003","1","1",2018,"3F42001^^270168^R01","3F42001^^270168^H","3F42001^^270168^S04","Y","H","P","VO",56.69,165,NA,"5000",35402,"0000",286,"5000",286,"0000",2,NA,0.008,NA,500,NA,"AD+CWT",2020,2,11,2020,2,28
"74","47ccc076-a313-486b-8781-d993b01dd0c1","N","5.0","20260809","WDFW","WDFW","!04P00031076",NA,NA,NA,NA,NA,"1","1",2011,"3F42001^^270168^R01","3F42001^^270168^H","3F42001^^270168^S","Y","H",NA,"VO",55.31,166,NA,NA,NA,NA,NA,"5000",119952,"0000",1138,NA,NA,NA,NA,NA,NA,2013,2,1,2013,2,10
"162","b24d64eb-f82e-4783-9174-d9ee8f00b59b","N","5.0","20260809","WDFW","WDFW","!04P00197899",NA,NA,NA,NA,NA,"1","1",2021,"3F42001^^270168^R01","3F42001^^270168^H","3F42001^^270168^S04","Y","H",NA,"VO",52.74,166,NA,NA,NA,NA,NA,"5000",83408,"0000",656,NA,NA,NA,NA,NA,NA,2023,2,1,2023,2,13
"238","eebbaebb-a186-418e-a5c7-00a1fb155966","T","5.0","20260809","WDFW","WDFW","638208","12",NA,NA,"D","04202300001148","1","1",2021,"3F42001^^270168^R01","3F42001^^270168^H","3F42001^^270168^S04","Y","H","P","VO",52.74,166,NA,"5000",32007,"0000",258,NA,NA,NA,NA,NA,NA,NA,499,NA,NA,2023,2,1,2023,2,13
"241","efa05b86-8848-4503-8ea6-124b5d91a9b7","T","5.0","20260809","WDFW","WDFW","638207","12",NA,NA,"D","04202300001148","1","1",2021,"3F42001^^270168^R01","3F42001^^270168^H","3F42001^^270168^S04","Y","H","P","VO",52.74,166,NA,"0000",32308,NA,NA,"0000",254,NA,NA,NA,0.0078,NA,513,NA,NA,2023,2,1,2023,2,13
"11","0c38344d-dc74-44cf-b5f0-4e1371cd9ccc","T","5.0","20260809","WDFW","WDFW","630680","12",NA,NA,"D","04200300000565","1","1",2001,"3F42001^^270168^R01","3F42001^^270168^H","3F42001^^270168^S","Y","H",NA,NA,56.69,167,NA,"0000",148542,NA,NA,"0000",597,NA,NA,NA,0.004,NA,NA,NA,NA,2003,3,6,2003,3,13
"78","4bbdb03b-1822-43f3-a1b0-4412a41d5f74","N","5.0","20260809","WDFW","WDFW","!04P00057016",NA,NA,NA,NA,NA,"1","1",2011,"3F42001^^270168^R01","3F42001^^270168^H","3F42001^^270168^S","Y","H",NA,"VO",53.99,167,NA,NA,NA,NA,NA,"5000",109426,"0000",1038,NA,NA,NA,NA,NA,NA,2013,2,5,2013,2,15
"113","72ed9434-ef7f-4e88-8003-b9b5ff653c08","N","5.0","20260809","WDFW","WDFW","!04P00037774",NA,NA,NA,NA,NA,"1","1",2001,"3F42001^^270168^R01","3F42001^^270168^H","3F42001^^270168^S","Y","H",NA,NA,56.69,167,NA,NA,NA,NA,NA,"5000",203254,"0000",12974,NA,NA,NA,NA,NA,NA,2003,3,6,2003,3,13
"247","f3f757f5-2141-414d-a640-7d97bb53a89f","T","5.0","20260809","WDFW","WDFW","630679","12",NA,NA,"D","04200300000565","1","1",2001,"3F42001^^270168^R01","3F42001^^270168^H","3F42001^^270168^S","Y","H",NA,NA,56.69,167,NA,"5000",138910,"0000",8866,"5000",1687,"0000",108,NA,0.012,NA,NA,NA,NA,2003,3,6,2003,3,13
"21","182a0a5b-0780-429e-9741-438c2a545074","T","5.0","20260809","WDFW","WDFW","637385","12",NA,NA,"D","04201900000986","1","1",2017,"3F42001^^270168^R01","3F42001^^270168^H","3F42001^^270168^S04","Y","H","P","VO",56.69,168,NA,"5000",36724,NA,NA,NA,NA,NA,NA,NA,NA,NA,156,NA,"AD+",2019,2,1,2019,2,19
"29","205b7598-7d59-40b4-9e1d-4411c5fa0d1e","T","5.0","20260809","WDFW","WDFW","630690","12",NA,NA,"D","04200200000566","1","1",2000,"3F42001^^270168^R01","3F42001^^270168^H","3F42001^^270168^S","Y","H",NA,NA,53.87,168,NA,"0000",73289,NA,NA,"0000",591,NA,NA,NA,0.008,NA,NA,NA,NA,2002,3,20,2002,3,20
"43","2acb66a5-95f9-412f-a330-cab371e3b7ea","T","5.0","20260809","WDFW","WDFW","630692","12",NA,NA,"D","04200200000566","1","1",2000,"3F42001^^270168^R01","3F42001^^270168^H","3F42001^^270168^S","Y","H",NA,NA,53.87,168,NA,"5000",69143,"0000",1351,"5000",585,"0000",11,NA,0.0084,NA,NA,NA,NA,2002,3,20,2002,3,20
"76","4b0cf67b-b3bd-42ef-a444-6d8528748d05","N","5.0","20260809","WDFW","WDFW","!04P00044904",NA,NA,NA,NA,NA,"1","1",2011,"3F42001^^270168^R01","3F42001^^270168^H","3F42001^^270168^S","Y","H",NA,"VO",54.64,168,NA,NA,NA,NA,NA,"5000",109844,"0000",1042,NA,NA,NA,NA,NA,NA,2013,2,5,2013,2,15
"77","4b680f10-7cd0-4a35-b02f-8f93e03a34ff","N","5.0","20260809","WDFW","WDFW","!04P00211984",NA,NA,NA,NA,NA,"1","1",2022,"3F42001^^270168^R01","3F42001^^270168^H","3F42001^^270168^S04","Y","H",NA,"VO",57.41,168,NA,NA,NA,NA,NA,"5000",78178,"0000",409,NA,NA,NA,NA,NA,NA,2024,2,5,2024,2,13
"86","55d53375-166d-42f8-9e21-e55b77789c32","N","5.0","20260809","WDFW","WDFW","!04P00013981",NA,NA,NA,NA,NA,"1","1",2003,"3F42001^^270168^R01","3F42001^^270168^H","3F42001^^270168^S","Y","H",NA,NA,56.69,168,NA,NA,NA,NA,NA,"5000",252101,"0000",5145,NA,NA,NA,NA,NA,NA,2005,3,1,2005,3,1
"131","8ced1ac7-2777-4c44-be1d-7c904250fb66","T","5.0","20260809","WDFW","WDFW","637386","12",NA,NA,"D","04201900000986","1","1",2017,"3F42001^^270168^R01","3F42001^^270168^H","3F42001^^270168^S04","Y","H","P","VO",56.69,168,NA,"0000",36566,NA,NA,"0000",158,NA,NA,NA,0.0043,NA,463,NA,"CWT ONLY",2019,2,1,2019,2,19
"161","b1b06bb2-60d5-4ce6-8ee0-47f6f2919389","T","5.0","20260809","WDFW","WDFW","630691","12",NA,NA,"D","04200200000566","1","1",2000,"3F42001^^270168^R01","3F42001^^270168^H","3F42001^^270168^S","Y","H",NA,NA,53.87,168,NA,"0000",73438,NA,NA,"0000",443,NA,NA,NA,0.006,NA,NA,NA,NA,2002,3,20,2002,3,20
"174","b7116d93-ede4-4911-85eb-6f626141d7df","N","5.0","20260809","WDFW","WDFW","!04P00008241",NA,NA,NA,NA,NA,"1","1",2000,"3F42001^^270168^R01","3F42001^^270168^H","3F42001^^270168^S","Y","H",NA,NA,53.87,168,NA,NA,NA,NA,NA,"5000",329215,"0000",9484,NA,NA,NA,NA,NA,NA,2002,3,20,2002,3,20
"184","ba1f0917-8dd5-4867-b2fe-f7ed44a1c4a0","N","5.0","20260809","WDFW","WDFW","!04P00136089",NA,NA,NA,NA,NA,"1","1",2017,"3F42001^^270168^R01","3F42001^^270168^H","3F42001^^270168^S04","Y","H",NA,"VO",56.69,168,NA,NA,NA,NA,NA,"5000",92892,"0000",589,NA,NA,NA,NA,NA,"AD ONLY",2019,2,1,2019,2,19
"208","cf19c01d-2a10-42fb-a5d4-b86b859ae549","T","5.0","20260809","WDFW","WDFW","638527","12",NA,NA,"D","04202400001193","1","1",2022,"3F42001^^270168^R01","3F42001^^270168^H","3F42001^^270168^S04","Y","H","P","VO",57.41,168,NA,"5000",38737,"0000",423,"5000",210,"0000",2,NA,0.0054,NA,924,NA,NA,2024,2,5,2024,2,13
"243","f12cb19e-60f0-43bb-af42-4cd56d389f5c","T","5.0","20260809","WDFW","WDFW","638526","12",NA,NA,"D","04202400001193","1","1",2022,"3F42001^^270168^R01","3F42001^^270168^H","3F42001^^270168^S04","Y","H","P","VO",57.41,168,NA,"0000",39244,NA,NA,"0000",285,NA,NA,NA,0.0072,NA,832,NA,NA,2024,2,5,2024,2,13
"251","f6962b67-b6fd-4ad7-8f79-444bf128a348","T","5.0","20260809","WDFW","WDFW","630689","12",NA,NA,"D","04200200000566","1","1",2000,"3F42001^^270168^R01","3F42001^^270168^H","3F42001^^270168^S","Y","H",NA,NA,53.87,168,NA,"5000",69231,"0000",1353,"5000",496,"0000",9,NA,0.008,NA,NA,NA,NA,2002,3,20,2002,3,20
"93","5e21c5da-0fdc-4f7a-9195-5cced51cd756","N","5.0","20260809","WDFW","WDFW","!04P00197911",NA,NA,NA,NA,NA,"1","1",2021,"3F42001^^270168^R01","3F42001^^270168^H","3F42001^^270168^S04","Y","H",NA,"VO",56.69,169,NA,NA,NA,NA,NA,"5000",66549,"0000",788,NA,NA,NA,NA,NA,NA,2023,2,1,2023,2,13
"98","6085ec8c-57ad-4d04-a067-f62c8ace034a","T","5.0","20260809","WDFW","WDFW","638205","12",NA,NA,"D","04202300001147","1","1",2021,"3F42001^^270168^R01","3F42001^^270168^H","3F42001^^270168^S04","Y","H","P","VO",56.69,169,NA,"0000",33407,NA,NA,"0000",134,NA,NA,NA,0.004,NA,500,NA,NA,2023,2,1,2023,2,13
"126","88ee57bf-0cde-493a-970d-9f99c4464b4c","N","5.0","20260809","WDFW","WDFW","!04P00021602",NA,NA,NA,NA,NA,"1","1",1998,"3F42001^^270168^R01","3F42001^^270168^H","3F42001^^270168^S","Y","H",NA,NA,59.68,169,NA,NA,NA,NA,NA,"5000",369840,"0000",7705,NA,NA,NA,NA,NA,"VOLITIONAL RELEASE STARTED 2/22. NO FISH COUNTERS.",2000,3,21,2000,3,21
"139","96fb4d2c-dbc2-4e90-b425-eedb8fdb9088","T","5.0","20260809","WDFW","WDFW","637387","12",NA,NA,"D","04201900000987","1","1",2017,"3F42001^^270168^R01","3F42001^^270168^H","3F42001^^270168^S04","Y","H","P","VO",56.69,169,NA,"0000",37807,NA,NA,"0000",148,NA,NA,NA,0.0039,NA,514,NA,"CWT ONLY",2019,2,1,2019,2,19
"150","a6e94fec-f628-455c-af36-b64cb967033c","N","5.0","20260809","WDFW","WDFW","!04P00054771",NA,NA,NA,NA,NA,"1","1",2011,"3F42001^^270168^R01","3F42001^^270168^H","3F42001^^270168^S","Y","H",NA,"VO",53.99,169,NA,NA,NA,NA,NA,"5000",92746,"0000",880,NA,NA,NA,NA,NA,NA,2013,2,1,2013,2,10
"207","ce9fc939-2c44-4bcf-84dc-8f6dfd7a60fc","T","5.0","20260809","WDFW","WDFW","637388","12",NA,NA,"D","04201900000987","1","1",2017,"3F42001^^270168^R01","3F42001^^270168^H","3F42001^^270168^S04","Y","H","P","VO",56.69,169,NA,"5000",37989,"0000",72,"5000",72,NA,NA,NA,0.0019,NA,514,NA,"AD+",2019,2,1,2019,2,19
"244","f2d7edf8-b617-49ac-86f3-fb6ca4fd9d1c","T","5.0","20260809","WDFW","WDFW","638206","12",NA,NA,"D","04202300001147","1","1",2021,"3F42001^^270168^R01","3F42001^^270168^H","3F42001^^270168^S04","Y","H","P","VO",56.69,169,NA,"5000",33807,"0000",71,NA,NA,NA,NA,NA,NA,NA,486,NA,NA,2023,2,1,2023,2,13
"261","ff7650cb-2d02-43d5-8bf1-a9713bfcfd92","N","5.0","20260809","WDFW","WDFW","!04P00136095",NA,NA,NA,NA,NA,"1","1",2017,"3F42001^^270168^R01","3F42001^^270168^H","3F42001^^270168^S04","Y","H",NA,"VO",56.69,169,NA,NA,NA,NA,NA,"5000",100655,"0000",618,NA,NA,NA,NA,NA,"AD ONLY",2019,2,1,2019,2,19
"17","11ac7fb2-66cd-4a45-826b-e7115cec9cb7","T","5.0","20260809","WDFW","WDFW","636779","12",NA,NA,"D","04201600000826","1","1",2014,"3F42001^^270168^R01","3F42001^^270168^H","3F42001^^270168^S","Y","H","P","FR",55.99,170,NA,"5000",57527,"0000",517,"5000",341,"0000",3,NA,0.0059,NA,508,NA,NA,2016,2,1,2016,2,1
"27","1ea42ba4-df7b-4bd3-ac4f-5a495f901e1b","N","5.0","20260809","WDFW","WDFW","!04P00170947",NA,NA,NA,NA,NA,"1","1",2019,"3F42001^^270168^R01","3F42001^^270168^H","3F42001^^270168^S04","Y","H",NA,"FR",50.4,170,NA,NA,NA,NA,NA,"5000",340,"0000",1,NA,NA,NA,NA,NA,"AD ONLY",2021,3,15,2021,3,15
"28","1f6645f3-efa8-42f6-aabe-386fb43ab629","T","5.0","20260809","WDFW","WDFW","639104","12",NA,NA,"D","04202600001308","1","1",2024,"3F42001^^270168^R01","3F42001^^270168^H","3F42001^^270168^S04","Y","H","P","VO",55.99,170,NA,"0000",32506,NA,NA,"0000",117,NA,NA,NA,0.0036,NA,549,NA,NA,2026,2,2,2026,2,11
"34","23bcacd7-6a4f-4540-9555-3d0b84e55406","T","5.0","20260809","WDFW","WDFW","637660","12",NA,NA,"D","04202100001067","1","1",2019,"3F42001^^270168^R01","3F42001^^270168^H","3F42001^^270168^S04","Y","H","P","VO",52.74,170,NA,"5000",33686,"0000",309,"5000",309,"0000",3,NA,0.0091,NA,880,NA,"AD+",2021,2,3,2021,3,15
"58","3cb6fa54-2254-47b6-885a-6032ccfa3fb7","T","5.0","20260809","WDFW","WDFW","632866","12",NA,NA,NA,NA,"1","1",2005,"3F42001^^270168^R01","3F42001^^270168^H","3F42001^^270168^S","Y","H",NA,NA,56.69,170,NA,"5000",149923,"0000",1219,"5000",1209,NA,NA,NA,0.008,NA,NA,NA,NA,2007,3,19,2007,3,19
"67","457ce88f-cc55-4ddf-bca9-39d59e4f130e","N","5.0","20260809","WDFW","WDFW","!04P00168749",NA,NA,NA,NA,NA,"1","1",2019,"3F42001^^270168^R01","3F42001^^270168^H","3F42001^^270168^S04","Y","H",NA,"VO",52.74,170,NA,NA,NA,NA,NA,"5000",89638,"0000",279,NA,NA,NA,NA,NA,NA,2021,2,3,2021,2,22
"101","634c202b-9632-40bd-b8c7-d12adb0b4f16","T","5.0","20260809","WDFW","WDFW","633394","12",NA,NA,NA,NA,"1","1",2005,"3F42001^^270168^R01","3F42001^^270168^H","3F42001^^270168^S","Y","H",NA,NA,56.69,170,NA,"0000",154939,NA,NA,NA,NA,NA,NA,NA,NA,NA,NA,NA,NA,2007,3,19,2007,3,19
"104","64a5eb5b-b463-4321-b52b-be77281c1298","T","5.0","20260809","WDFW","WDFW","637664","12",NA,NA,"D","04202100001067","1","1",2019,"3F42001^^270168^R01","3F42001^^270168^H","3F42001^^270168^S04","Y","H","P","VO",52.74,170,NA,"0000",34339,NA,NA,NA,NA,NA,NA,NA,NA,NA,1000,NA,"CWT ONLY",2021,2,3,2021,3,15
"119","7a0c68a1-0996-413b-bdd9-ffe8ebc18652","T","5.0","20260809","WDFW","WDFW","636780","12",NA,NA,"D","04201600000826","1","1",2014,"3F42001^^270168^R01","3F42001^^270168^H","3F42001^^270168^S","Y","H","P","FR",55.99,170,NA,"0000",58276,NA,NA,"0000",111,NA,NA,NA,0.0019,NA,539,NA,NA,2016,2,1,2016,2,1
"185","ba466d26-e471-4fdb-9132-70f1bd72b4df","T","5.0","20260809","WDFW","WDFW","639105","12",NA,NA,"D","04202600001308","1","1",2024,"3F42001^^270168^R01","3F42001^^270168^H","3F42001^^270168^S04","Y","H","P","VO",55.99,170,NA,"5000",32564,"0000",59,NA,NA,NA,NA,NA,NA,NA,550,NA,NA,2026,2,2,2026,2,11
"188","bd7cf860-7002-4969-a0fe-8d143a192a83","N","5.0","20260809","WDFW","WDFW","!04P00230912",NA,NA,NA,NA,NA,"1","1",2024,"3F42001^^270168^R01","3F42001^^270168^H","3F42001^^270168^S04","Y","H",NA,"VO",55.99,170,NA,NA,NA,NA,NA,"5000",44014,"0000",44,NA,NA,NA,NA,NA,NA,2026,2,2,2026,2,11
"194","c4482840-801d-438d-9179-1df6bd87a565","N","5.0","20260809","WDFW","WDFW","!04P00014036",NA,NA,NA,NA,NA,"1","1",2005,"3F42001^^270168^R01","3F42001^^270168^H","3F42001^^270168^S","Y","H",NA,NA,56.69,170,NA,NA,NA,NA,NA,"5000",295466,"0000",2383,NA,NA,NA,NA,NA,NA,2007,3,19,2007,3,19
"205","cddb24a7-875f-4cad-b984-37bae45fea04","N","5.0","20260809","WDFW","WDFW","!04P00019099",NA,NA,NA,NA,NA,"1","1",2006,"3F42001^^270168^R01","3F42001^^270168^H","3F42001^^270168^S","Y","H",NA,NA,56.69,170,NA,NA,NA,NA,NA,"5000",281979,"0000",2647,NA,NA,NA,NA,NA,NA,2008,3,17,2008,3,17
"211","d13427dd-8f9b-4220-a61b-9d48ffb711ec","N","5.0","20260809","WDFW","WDFW","!04P00036259",NA,NA,NA,NA,NA,"1","1",2002,"3F42001^^270168^R01","3F42001^^270168^H","3F42001^^270168^S","Y","H",NA,"VO",56.69,170,NA,NA,NA,NA,NA,"5000",243605,"0000",24978,NA,NA,NA,NA,NA,"VOLITIONAL RELEASE FEB-MARCH",2004,2,15,2004,3,17
"51","3386c782-154e-43d8-88f5-58ae8a109423","N","5.0","20260809","WDFW","WDFW","!04P00026593",NA,NA,NA,NA,NA,"1","1",2011,"3F42001^^270168^R01","3F42001^^270168^H","3F42001^^270168^S","Y","H",NA,"VO",58.15,171,NA,NA,NA,NA,NA,"5000",91755,"0000",871,NA,NA,NA,NA,NA,NA,2013,2,1,2013,2,10
"121","7e65d812-f714-455e-a992-f7793a8cb2d4","T","5.0","20260809","WDFW","WDFW","638529","12",NA,NA,"D","04202400001194","1","1",2022,"3F42001^^270168^R01","3F42001^^270168^H","3F42001^^270168^S04","Y","H","P","VO",54.64,171,NA,"5000",36544,"0000",937,"5000",70,"0000",2,NA,0.0019,NA,521,NA,NA,2024,2,5,2024,2,13
"142","9d0d5a51-eaaa-427c-986e-665df34ae9ca","N","5.0","20260809","WDFW","WDFW","!04P00211983",NA,NA,NA,NA,NA,"1","1",2022,"3F42001^^270168^R01","3F42001^^270168^H","3F42001^^270168^S04","Y","H",NA,"VO",54.64,171,NA,NA,NA,NA,NA,"5000",94579,"0000",418,NA,NA,NA,NA,NA,NA,2024,2,5,2024,2,13
"231","e899ed0e-90d2-4b19-baa1-285816f6eba2","T","5.0","20260809","WDFW","WDFW","638528","12",NA,NA,"D","04202400001194","1","1",2022,"3F42001^^270168^R01","3F42001^^270168^H","3F42001^^270168^S04","Y","H","P","VO",54.64,171,NA,"0000",37106,NA,NA,"0000",345,NA,NA,NA,0.0092,NA,544,NA,NA,2024,2,5,2024,2,13
"53","346cfcf6-ae9f-40ea-9b73-0a18c300ec29","N","5.0","20260809","WDFW","WDFW","!04P00086772",NA,NA,NA,NA,NA,"1","1",1995,"3F42001^^270168^R01","3F42001^^270168^H","3F42001^^270168^S","Y","H",NA,NA,87.22,172,NA,NA,NA,NA,NA,"0000",423936,NA,NA,NA,NA,NA,NA,NA,NA,1997,3,1,1997,3,23
"197","c5821a35-3883-44a6-9ca4-f9aaa20231dd","T","5.0","20260809","WDFW","WDFW","636059","0",NA,NA,"O","04199700000534","1","1",1995,"3F42001^^270168^R01","3F42001^^270168^H","3F42001^^270168^S","Y","H",NA,NA,87.22,172,NA,"5000",96986,"0000",184,"5000",1417,"0000",3,NA,0.0144,NA,NA,NA,NA,1997,3,1,1997,3,23
"73","478c8b11-93a7-4907-b188-0a8849b7e646","N","5.0","20260809","WDFW","WDFW","!04P00222459",NA,NA,NA,NA,NA,"1","1",2023,"3F42001^^270168^R01","3F42001^^270168^H","3F42001^^270168^S04","Y","H",NA,"VO",58.9,173,NA,NA,NA,NA,NA,"5000",31037,"0000",47,NA,NA,NA,NA,NA,NA,2025,2,1,2025,2,11
"143","9d5289c7-98a7-4bd8-9c38-e1f322d5bedc","N","5.0","20260809","WDFW","WDFW","!04P00005212",NA,NA,NA,NA,NA,"1","1",2011,"3F42001^^270168^R01","3F42001^^270168^H","3F42001^^270168^S","Y","H",NA,"VO",55.31,173,NA,NA,NA,NA,NA,"5000",111033,"0000",1054,NA,NA,NA,NA,NA,NA,2013,2,5,2013,2,15
"176","b770425f-2313-40a5-8405-d58e6ee36dcc","T","5.0","20260809","WDFW","WDFW","638656","12",NA,NA,"D","04202500001270","1","1",2023,"3F42001^^270168^R01","3F42001^^270168^H","3F42001^^270168^S04","Y","H","P","VO",58.9,173,NA,"5000",31573,"0000",63,NA,NA,NA,NA,NA,NA,NA,506,NA,NA,2025,2,1,2025,2,11
"232","e9b608ea-24bb-4508-8fd8-4c1e50b7bff7","T","5.0","20260809","WDFW","WDFW","638655","12",NA,NA,"D","04202500001270","1","1",2023,"3F42001^^270168^R01","3F42001^^270168^H","3F42001^^270168^S04","Y","H","P","VO",58.9,173,NA,"0000",29434,NA,NA,NA,NA,NA,NA,NA,NA,NA,505,NA,NA,2025,2,1,2025,2,11
"1","0013c433-b82c-4882-ade5-196f64d3a31a","N","5.0","20260809","WDFW","WDFW","!04P00062435",NA,NA,NA,NA,NA,"1","1",2006,"3F42001^^270168^R01","3F42001^^270168^H","3F42001^^270168^S","Y","H",NA,NA,56.69,174,NA,NA,NA,NA,NA,"5000",332750,"0000",3124,NA,NA,NA,NA,NA,NA,2008,3,17,2008,3,17
"16","1174a4b4-5cab-4f2e-87df-779bd8d85e77","N","5.0","20260809","WDFW","WDFW","!04P00018084",NA,NA,NA,NA,NA,"1","1",2011,"3F42001^^270168^R01","3F42001^^270168^H","3F42001^^270168^S","Y","H",NA,"VO",58.9,174,NA,NA,NA,NA,NA,"5000",110969,"0000",1053,NA,NA,NA,NA,NA,NA,2013,2,5,2013,2,15
"70","47003533-b86f-4b1b-ad6f-132de9eaafaa","T","5.0","20260809","WDFW","WDFW","633396","12",NA,NA,"D","04200800000567","1","1",2006,"3F42001^^270168^R01","3F42001^^270168^H","3F42001^^270168^S","Y","H",NA,NA,56.69,174,NA,"0000",146430,NA,NA,NA,NA,NA,NA,NA,NA,NA,NA,NA,NA,2008,3,17,2008,3,17
"180","b9965844-b622-4b45-a5ef-9020f005efba","T","5.0","20260809","WDFW","WDFW","633397","12",NA,NA,"D","04200800000567","1","1",2006,"3F42001^^270168^R01","3F42001^^270168^H","3F42001^^270168^S","Y","H",NA,NA,56.69,174,NA,"5000",138407,"0000",1378,"5000",8476,NA,NA,NA,0.0577,NA,NA,NA,NA,2008,3,17,2008,3,17
"258","fbbdc679-2bb9-4cf9-85de-af90d7a1a787","T","5.0","20260809","WDFW","WDFW","636274","12",NA,NA,"D","04201300000001","1","1",2011,"3F42001^^270168^R01","3F42001^^270168^H","3F42001^^270168^S","Y","H","P","VO",58.9,174,NA,"5000",135388,"0000",1311,"5000",2790,NA,NA,NA,0.02,NA,4000,NA,NA,2013,2,1,2013,2,15
"260","fdd0fed0-6632-4d89-ac40-19d5f776cba2","T","5.0","20260809","WDFW","WDFW","636275","12",NA,NA,"D","04201300000001","1","1",2011,"3F42001^^270168^R01","3F42001^^270168^H","3F42001^^270168^S","Y","H","P","VO",58.9,174,NA,"0000",133351,NA,NA,"0000",6138,NA,NA,NA,0.044,NA,4000,NA,NA,2013,2,1,2013,2,15
"5","04d74993-f944-4bc5-b81c-cb8722e77e8b","T","5.0","20260809","WDFW","WDFW","630520","0",NA,NA,NA,NA,"1","1",1997,"3F42001^^270168^R01","3F42001^^270168^H","3F42001^^270168^S","Y","H","P",NA,68.72,175,NA,"5000",173979,"0000",1368,"5000",4005,"0000",31,NA,0.0225,NA,NA,NA,NA,1999,3,15,1999,3,15
"8","094b4de7-d9f6-4ec8-ba70-7f8564f31ca9","T","5.0","20260809","WDFW","WDFW","636569","13",NA,NA,"D","04201400000086","1","1",2012,"3F42001^^270168^R01","3F42001^^270168^H","3F42001^^270168^S","Y","H","P","VO",60.47,175,NA,"0000",44554,NA,NA,"0000",188,NA,NA,NA,0.0042,NA,942,NA,NA,2014,2,3,2014,2,10
"57","3ac98e83-a6f6-4131-8504-da393ae25ec7","T","5.0","20260809","WDFW","WDFW","636566","13",NA,NA,"D","04201400000086","1","1",2012,"3F42001^^270168^R01","3F42001^^270168^H","3F42001^^270168^S","Y","H","P","VO",60.47,175,NA,"5000",44548,"0000",131,"5000",474,NA,NA,NA,0.0105,NA,956,NA,NA,2014,2,3,2014,2,10
"138","936dd9bb-b99f-47dc-9b41-3013dae59144","N","5.0","20260809","WDFW","WDFW","!04P00066527",NA,NA,NA,NA,NA,"1","1",2012,"3F42001^^270168^R01","3F42001^^270168^H","3F42001^^270168^S","Y","H",NA,"VO",60.47,175,NA,NA,NA,NA,NA,"5000",95207,"0000",277,NA,NA,NA,NA,NA,NA,2014,2,3,2014,2,10
"145","a1475792-6ece-4f3b-8414-28b2a2eae653","T","5.0","20260809","WDFW","WDFW","630356","0",NA,NA,NA,NA,"1","1",1997,"3F42001^^270168^R01","3F42001^^270168^H","3F42001^^270168^S","Y","H",NA,NA,68.72,175,NA,"5000",75473,"0000",1142,"5000",755,"0000",11,NA,0.0099,NA,NA,NA,NA,1999,3,15,1999,3,15
"223","d94175b4-6a73-4a76-9e2d-7782675ad5d6","N","5.0","20260809","WDFW","WDFW","!04P00058899",NA,NA,NA,NA,NA,"1","1",2012,"3F42001^^270168^R01","3F42001^^270168^H","3F42001^^270168^S","Y","H",NA,"VO",60.47,175,NA,NA,NA,NA,NA,"5000",85142,"0000",248,NA,NA,NA,NA,NA,NA,2014,2,3,2014,2,10
"225","d99d3397-20a9-4682-8769-283503e34e37","T","5.0","20260809","WDFW","WDFW","630519","0",NA,NA,NA,NA,"1","1",1997,"3F42001^^270168^R01","3F42001^^270168^H","3F42001^^270168^S","Y","H","P",NA,68.72,175,NA,"5000",169084,"0000",986,"5000",6260,"0000",37,NA,0.0357,NA,NA,NA,NA,1999,3,15,1999,3,15
"230","e6cfd30f-e787-4833-bdda-39ba1f7c0934","T","5.0","20260809","WDFW","WDFW","630355","0",NA,NA,NA,NA,"1","1",1997,"3F42001^^270168^R01","3F42001^^270168^H","3F42001^^270168^S","Y","H",NA,NA,68.72,175,NA,"5000",67054,"0000",664,"5000",1607,"0000",16,NA,0.0234,NA,NA,NA,NA,1999,3,15,1999,3,15
"7","0857eca4-a321-41ce-9445-c305cb379156","T","5.0","20260809","WDFW","WDFW","637831","12",NA,NA,"D","04202200001105","1","1",2020,"3F42001^^270168^R01","3F42001^^270168^H","3F42001^^270168^S04","Y","H","P","VO",57.12,177,NA,"5000",31660,"0000",64,"5000",63,NA,NA,NA,0.002,NA,500,NA,NA,2022,2,2,2022,2,16
"36","26624071-fab8-4576-90a7-53cc130a7ad5","N","5.0","20260809","WDFW","WDFW","!04P00077296",NA,NA,NA,NA,NA,"1","1",2013,"3F42001^^270168^R01","3F42001^^270168^H","3F42001^^270168^S","Y","H",NA,"VO",57.41,177,NA,NA,NA,NA,NA,"5000",93795,"0000",131,NA,NA,NA,NA,NA,NA,2015,2,1,2015,2,3
"81","50e1da69-652c-4b1f-bacd-bb4f0f3c9744","T","5.0","20260809","WDFW","WDFW","637830","12",NA,NA,"D","04202200001105","1","1",2020,"3F42001^^270168^R01","3F42001^^270168^H","3F42001^^270168^S04","Y","H","P","VO",57.12,177,NA,"0000",31832,NA,NA,NA,NA,NA,NA,NA,NA,NA,500,NA,NA,2022,2,2,2022,2,16
"155","abbdecef-b08b-428b-8cf3-294f6e889e8c","N","5.0","20260809","WDFW","WDFW","!04P00192260",NA,NA,NA,NA,NA,"1","1",2020,"3F42001^^270168^R01","3F42001^^270168^H","3F42001^^270168^S04","Y","H",NA,"VO",57.12,177,NA,NA,NA,NA,NA,"5000",83572,"0000",725,NA,NA,NA,NA,NA,NA,2022,2,2,2022,2,16
"156","af5a654d-640b-4623-86dd-bce6f4b99c96","N","5.0","20260809","WDFW","WDFW","!04P00082064",NA,NA,NA,NA,NA,"1","1",1993,"3F42001^^270168^R01","3F42001^^270168^H","3F42001^^270168^S","Y","H",NA,NA,64.79,177,NA,NA,NA,NA,NA,"0000",461316,NA,NA,NA,NA,NA,NA,NA,NA,1995,3,1,1995,3,20
"175","b767daad-c079-48bc-a9b7-ad21025508b4","N","5.0","20260809","WDFW","WDFW","!04P00082063",NA,NA,NA,NA,NA,"1","1",1993,"3F42001^^270168^R01","3F42001^^270168^H","3F42001^^270168^S","Y","H",NA,NA,64.79,177,NA,NA,NA,NA,NA,"0000",111116,NA,NA,NA,NA,NA,NA,NA,"THIS GROUP RECEIVED FROM SPEELYAI, 52846 WERE MARKED FROM A GROUP OF 412500. AN ADDITIONAL 272100 FISH OF SAME STOCK WERE ADDED TO THE SAME POND WHILE AT LEWIS R.",1995,2,12,1995,2,28
"248","f4897dc4-0674-4553-8775-df069d5a281d","T","5.0","20260809","WDFW","WDFW","635253","0",NA,NA,"O","04199500000535","1","1",1993,"3F42001^^270168^R01","3F42001^^270168^H","3F42001^^270168^S","Y","H",NA,NA,64.79,177,NA,"5000",44233,"0000",560,"5000",963,"0000",12,NA,0.0213,NA,NA,NA,"THIS GROUP RECEIVED FROM SPEELYAI, 52846 WERE MARKED FROM A GROUP OF 412500. AN ADDITIONAL 272100 FISH OF SAME STOCK WERE ADDED TO THE SAME POND WHILE AT LEWIS R.",1995,2,12,1995,3,20
"123","82d35ee6-361b-4bf3-a6a8-ecf179d7093c","N","5.0","20260809","WDFW","WDFW","!04P00086667",NA,NA,NA,NA,NA,"1","1",1994,"3F42001^^270168^R","3F42001^^270168^H","3F42001^^270168^S","Y","H",NA,NA,69.78,180,NA,NA,NA,NA,NA,"0000",416205,NA,NA,NA,NA,NA,NA,NA,NA,1996,3,22,1996,3,22
"144","a0da1fc3-7db5-4621-9fed-f9aa98e2dd4b","T","5.0","20260809","WDFW","WDFW","635643","0",NA,NA,NA,NA,"1","1",1994,"3F42001^^270168^R","3F42001^^270168^H","3F42001^^270168^S","Y","H",NA,NA,69.78,180,NA,"5000",37171,"0000",1158,"5000",937,"0000",29,NA,0.0246,NA,NA,NA,NA,1996,3,22,1996,3,22
"14","10db2d96-ee70-4266-afa0-4a837a54c89f","N","5.0","20260809","WDFW","WDFW","!04P00008751",NA,NA,NA,NA,NA,"1","1",2002,"3F42001^^270168^R01","3F42001^^270168^H","3F42001^^270168^S","Y","H",NA,"VO",64.79,181,NA,NA,NA,NA,NA,"5000",332582,"0000",36012,NA,NA,NA,NA,NA,"VOLITIONAL RELEASE FEB-MARCH",2004,2,15,2004,3,17
"18","125d7e38-118c-4c44-a368-03edf6a00ce8","T","5.0","20260809","WDFW","WDFW","631385","12",NA,NA,NA,NA,"1","1",2002,"3F42001^^270168^R01","3F42001^^270168^H","3F42001^^270168^S","Y","H",NA,"VO",64.79,181,NA,"5000",127519,"0000",13468,"5000",2735,"0000",288,NA,0.021,NA,NA,NA,"VOLITIONAL RELEASE FEB-MARCH",2004,2,15,2004,3,17
"85","55b74416-4f1b-491a-a698-2b08083b71ff","T","5.0","20260809","WDFW","WDFW","630682","12",NA,NA,NA,NA,"1","1",2002,"3F42001^^270168^R01","3F42001^^270168^H","3F42001^^270168^S","Y","H",NA,"VO",64.79,181,NA,"0000",143503,NA,NA,"0000",1979,NA,NA,NA,0.0136,NA,NA,NA,"VOLITIONAL RELEASE FEB-MARCH",2004,2,15,2004,3,17
"23","19d7f2e7-adcc-4e21-94b0-a8b2addea5ed","T","5.0","20260809","WDFW","WDFW","631892","12",NA,NA,"D","04200500000568","1","1",2003,"3F42001^^270168^R01","3F42001^^270168^H","3F42001^^270168^S","Y","H",NA,NA,64.79,182,NA,"0000",140473,NA,NA,"0000",8270,NA,NA,NA,0.0556,NA,NA,NA,NA,2005,3,1,2005,3,14
"26","1e9385d3-50f5-4533-bfce-a84673b102e7","T","5.0","20260809","WDFW","WDFW","636620","12",NA,NA,"D","04201500000784","1","1",2013,"3F42001^^270168^R01","3F42001^^270168^H","3F42001^^270168^S","Y","H","P","VO",60.47,182,NA,"0000",25166,NA,NA,NA,NA,NA,NA,NA,NA,NA,1118,NA,NA,2015,2,1,2015,2,3
"47","2e06fe72-b1d4-4c43-b0df-b67a20f02ca4","N","5.0","20260809","WDFW","WDFW","!04P00077299",NA,NA,NA,NA,NA,"1","1",2013,"3F42001^^270168^R01","3F42001^^270168^H","3F42001^^270168^S","Y","H",NA,"VO",60.47,182,NA,NA,NA,NA,NA,"5000",73341,"0000",103,NA,NA,NA,NA,NA,NA,2015,2,1,2015,2,3
"195","c4867701-3140-4548-bf9b-006434d64252","N","5.0","20260809","WDFW","WDFW","!04P00020774",NA,NA,NA,NA,NA,"1","1",2003,"3F42001^^270168^R01","3F42001^^270168^H","3F42001^^270168^S","Y","H",NA,NA,64.79,182,NA,NA,NA,NA,NA,"5000",223561,"0000",4562,NA,NA,NA,NA,NA,NA,2005,3,14,2005,3,14
"227","e11ef803-b270-41e7-84d4-4c09bdd2b918","T","5.0","20260809","WDFW","WDFW","636619","12",NA,NA,"D","04201500000784","1","1",2013,"3F42001^^270168^R01","3F42001^^270168^H","3F42001^^270168^S","Y","H","P","VO",60.47,182,NA,"5000",25184,"0000",36,"5000",46,NA,NA,NA,0.0018,NA,1120,NA,NA,2015,2,1,2015,2,3
"250","f4ab107b-2a16-433a-88ed-0c961c5954f3","T","5.0","20260809","WDFW","WDFW","631792","12",NA,NA,"D","04200500000568","1","1",2003,"3F42001^^270168^R01","3F42001^^270168^H","3F42001^^270168^S","Y","H",NA,NA,64.79,182,NA,"5000",143435,"0000",2975,"5000",2332,NA,NA,NA,0.016,NA,NA,NA,NA,2005,3,1,2005,3,14
"173","b70f1ec8-1347-43f9-b518-6e6f289d9039","N","5.0","20260809","WDFW","WDFW","!04P00052888",NA,NA,NA,NA,NA,"1","1",1999,"3F42001^^270168^R01","3F42001^^270168^H","3F42001^^270168^S","Y","H",NA,NA,77.93,183,NA,NA,NA,NA,NA,"5000",264622,"0000",11120,NA,NA,NA,NA,NA,NA,2001,2,25,2001,2,25
"262","452ce4f2-1a4a-4cb7-aa1a-8d284875e603","N","5.0","20260809","WDFW","WDFW","!04P00031171",NA,NA,NA,NA,NA,"1","1",1999,"3F42001^^270168^R","3F42001^^270430^H","3F42001^^270168^S","Y","H",NA,NA,73.15,184,NA,NA,NA,NA,NA,"5000",28056,NA,NA,NA,NA,NA,NA,NA,NA,2001,2,12,2001,2,12
"12","0cc5fcb9-d53e-4906-af35-9b88e290f287","T","5.0","20260809","WDFW","WDFW","630181","12",NA,NA,"D","04200100000564","1","1",1999,"3F42001^^270168^R01","3F42001^^270168^H","3F42001^^270168^S","Y","H",NA,NA,85.1,187,NA,"0000",143627,NA,NA,"0000",3231,NA,NA,NA,0.022,NA,NA,NA,NA,2001,2,22,2001,2,25
"31","215cae3d-6385-4dc8-9030-3cdf745a169a","N","5.0","20260809","WDFW","WDFW","!04P00062499",NA,NA,NA,NA,NA,"1","1",1999,"3F42001^^270168^R01","3F42001^^270168^H","3F42001^^270168^S","Y","H",NA,NA,85.1,187,NA,NA,NA,NA,NA,"5000",206052,"0000",10947,NA,NA,NA,NA,NA,NA,2001,2,22,2001,2,22
"141","9a952682-7439-49ae-a449-b5bd96443772","T","5.0","20260809","WDFW","WDFW","630180","12",NA,NA,"D","04200100000564","1","1",1999,"3F42001^^270168^R01","3F42001^^270168^H","3F42001^^270168^S","Y","H",NA,NA,85.1,187,NA,"5000",132135,"0000",6189,"5000",7101,"0000",333,NA,0.051,NA,NA,NA,NA,2001,2,22,2001,2,25
"265","68deae22-5014-49a5-8117-b06d8d46e49c","N","5.0","20260809","WDFW","WDFW","!04P00059926",NA,NA,NA,NA,NA,"1","1",1999,"3F42001^^270168^R","3F42001^^270430^H","3F42001^^270168^S","Y","H",NA,NA,74.35,187,NA,NA,NA,NA,NA,"5000",27900,NA,NA,NA,NA,NA,NA,NA,NA,2001,2,12,2001,2,12
"275","f5a95e27-1bf1-48c8-88d0-a27bce8181be","N","5.0","20260809","WDFW","WDFW","!04P00019111",NA,NA,NA,NA,NA,"1","1",1999,"3F42001^^270168^R","3F42001^^270430^H","3F42001^^270168^S","Y","H",NA,NA,69.78,187,NA,NA,NA,NA,NA,"5000",27439,NA,NA,NA,NA,NA,NA,NA,NA,2001,2,12,2001,2,12
"182","b9bfa900-de67-4a7d-adc4-14062058d8b2","T","5.0","20260809","WDFW","WDFW","635738","0",NA,NA,"O","04199700000534","1","1",1995,"3F42001^^270168^R01","3F42001^^270168^H","3F42001^^270168^S","Y","H",NA,NA,61.29,188,NA,"5000",49930,"0000",50,"5000",1019,"0000",1,NA,0.02,NA,NA,NA,NA,1997,3,1,1997,3,23
"229","e2256720-47e8-48d4-9300-cf9678dc3ba7","N","5.0","20260809","WDFW","WDFW","!04P00086773",NA,NA,NA,NA,NA,"1","1",1995,"3F42001^^270168^R01","3F42001^^270168^H","3F42001^^270168^S","Y","H",NA,NA,61.29,188,NA,NA,NA,NA,NA,"0000",379342,NA,NA,NA,NA,NA,NA,NA,NA,1997,3,1,1997,3,23
"111","72343b01-a578-4abd-b097-6225a223132a","N","5.0","20260809","WDFW","WDFW","!04P00086666",NA,NA,NA,NA,NA,"1","1",1994,"3F42001^^270168^R","3F42001^^270168^H","3F42001^^270168^S","Y","H",NA,NA,75.59,189,NA,NA,NA,NA,NA,"0000",571078,NA,NA,NA,NA,NA,NA,NA,NA,1996,2,8,1996,2,8
"191","c176d8cd-cd9a-44cc-aad8-16cacc732880","T","5.0","20260809","WDFW","WDFW","635663","0",NA,NA,NA,NA,"1","1",1994,"3F42001^^270168^R","3F42001^^270168^H","3F42001^^270168^S","Y","H",NA,NA,75.59,189,NA,"5000",91022,"0000",919,"5000",3842,"0000",39,NA,0.0405,NA,NA,NA,NA,1996,2,8,1996,2,8
"277","fb5d75d3-f665-4f95-8957-f234c3c85d24","N","5.0","20260809","WDFW","WDFW","!04P00006757",NA,NA,NA,NA,NA,"1","1",1999,"3F42001^^270168^R","3F42001^^270430^H","3F42001^^270168^S","Y","H",NA,NA,75.59,190,NA,NA,NA,NA,NA,"5000",27970,NA,NA,NA,NA,NA,NA,NA,NA,2001,2,12,2001,2,12
"267","7f320714-21a7-4a61-a910-b848a9f0bd92","N","5.0","20260809","WDFW","WDFW","!04P00046197",NA,NA,NA,NA,NA,"1","1",1999,"3F42001^^270168^R","3F42001^^270430^H","3F42001^^270168^S","Y","H",NA,NA,79.57,191,NA,NA,NA,NA,NA,"5000",62575,NA,NA,NA,NA,NA,NA,NA,NA,2001,2,28,2001,2,28
"269","96a0145a-a6ae-47e1-bc80-af286ceb723d","N","5.0","20260809","WDFW","WDFW","!04P00065496",NA,NA,NA,NA,NA,"1","1",1999,"3F42001^^270168^R","3F42001^^270430^H","3F42001^^270168^S","Y","H",NA,NA,75.59,191,NA,NA,NA,NA,NA,"5000",27393,NA,NA,NA,NA,NA,NA,NA,NA,2001,2,12,2001,2,12
"268","7fcc6433-a542-4a86-b292-504afa5845ae","N","5.0","20260809","WDFW","WDFW","!04P00011216",NA,NA,NA,NA,NA,"1","1",1999,"3F42001^^270168^R","3F42001^^270430^H","3F42001^^270168^S","Y","H",NA,NA,79.57,192,NA,NA,NA,NA,NA,"5000",74940,NA,NA,NA,NA,NA,NA,NA,"NO Q.C. SHEET FOR THIS RELEASE",2001,1,27,2001,1,27
"112","727f7bac-ed1e-49b4-a9aa-356f78266f41","T","5.0","20260809","WDFW","WDFW","630315","0",NA,NA,"D","04200000000563","1","1",1998,"3F42001^^270168^R01","3F42001^^270168^H","3F42001^^270168^S","Y","H",NA,"VO",88.93,197,NA,"5000",143500,"0000",3694,"5000",2393,"0000",62,NA,0.0164,NA,NA,NA,"VOLITIONAL RELEASE STARTED 2/22. NO FISH COUNTERS.",2000,2,22,2000,3,21
"201","c72f8e25-a7e6-45c8-ba0f-efc4c1a5ca16","N","5.0","20260809","WDFW","WDFW","!04P00039511",NA,NA,NA,NA,NA,"1","1",1998,"3F42001^^270168^R01","3F42001^^270168^H","3F42001^^270168^S","Y","H",NA,NA,88.93,197,NA,NA,NA,NA,NA,"5000",220662,"0000",4597,NA,NA,NA,NA,NA,"VOLITIONAL RELEASE STARTED 2/22. NO FISH COUNTERS.",2000,3,21,2000,3,21
"214","d2fea36c-ebb5-42f1-a90c-fc4920d77553","T","5.0","20260809","WDFW","WDFW","630634","0",NA,NA,"D","04200000000563","1","1",1998,"3F42001^^270168^R01","3F42001^^270168^H","3F42001^^270168^S","Y","H",NA,NA,88.93,197,NA,"0000",144862,NA,NA,"0000",4056,NA,NA,NA,0.0272,NA,NA,NA,"VOLITIONAL RELEASE STARTED 2/22. NO FISH COUNTERS.",2000,3,21,2000,3,21
