"","species","brood_year","release_location_code","hatchery_location_code","first_release_date_month","jday","avg_weight","length","release_stage_assigned","fate","releases","recoveries","sar","tags_lost"
"1","2",2021,"3F10513^^150048^R","3F10513^^150048^H",7,182,40,260,"smolt","fishery",44683,0,0,44683
"2","2",2021,"3F10513^^150048^R","3F10513^^150048^H",7,182,40,320,"smolt","fishery",44683,4.89,0.000109437593715731,44678.11
"3","2",2020,"3F10513^^150048^R","3F10513^^150048^H",7,182,40,370,"smolt","fishery",42505,4.25,9.99882366780379e-05,42500.75
"4","2",2021,"3F10513^^150048^R","3F10513^^150048^H",7,182,40,370,"smolt","fishery",134049,15.31,0.000114211967265701,134033.69
"5","2",2020,"3F10513^^150048^R","3F10513^^150048^H",7,182,40,380,"smolt","fishery",42505,4.09,9.62239736501588e-05,42500.91
"6","2",2021,"3F10513^^150048^R","3F10513^^150048^H",7,182,40,380,"smolt","fishery",89366,10.25,0.00011469686457937,89355.75
"7","2",2020,"3F10513^^150048^R","3F10513^^150048^H",7,182,40,390,"smolt","fishery",85010,31.91,0.000375367603811316,84978.09
"8","2",2021,"3F10513^^150048^R","3F10513^^150048^H",7,182,40,390,"smolt","fishery",44683,14.67,0.000328312781147192,44668.33
"9","2",2019,"3F10513^^150048^R","3F10513^^150048^H",6,177,40,400,"smolt","fishery",46385,4.95,0.000106715533038698,46380.05
"10","2",2020,"3F10513^^150048^R","3F10513^^150048^H",7,182,40,400,"smolt","fishery",212525,34.81,0.000163792495000588,212490.19
"11","2",2021,"3F10513^^150048^R","3F10513^^150048^H",7,182,40,400,"smolt","fishery",44683,10.25,0.00022939372915874,44672.75
"12","2",2019,"3F10513^^150048^R","3F10513^^150048^H",6,177,40,410,"smolt","fishery",46385,29.44,0.000634687937910963,46355.56
"13","2",2020,"3F10513^^150048^R","3F10513^^150048^H",7,182,40,410,"smolt","fishery",127515,25.58,0.000200603850527389,127489.42
"14","2",2021,"3F10513^^150048^R","3F10513^^150048^H",7,182,40,410,"smolt","fishery",223415,52.47,0.000234854418906519,223362.53
"15","2",2018,"3F10513^^150048^R","3F10513^^150048^H",7,185,40,410,"smolt","fishery",39867,2.99,7.49993729149422e-05,39864.01
"16","2",2018,"3F10513^^150048^R","3F10513^^150048^H",5,122,30,420,"smolt","fishery",61822,5.85,9.46265083627188e-05,61816.15
"17","2",2019,"3F10513^^150048^R","3F10513^^150048^H",6,177,40,420,"smolt","fishery",46385,3.77,8.12762746577557e-05,46381.23
"18","2",2020,"3F10513^^150048^R","3F10513^^150048^H",7,182,40,420,"smolt","fishery",127515,18.86,0.000147904168137082,127496.14
"19","2",2021,"3F10513^^150048^R","3F10513^^150048^H",7,182,40,420,"smolt","fishery",178732,37.73,0.00021109818051608,178694.27
"20","2",2018,"3F10513^^150048^R","3F10513^^150048^H",7,185,40,420,"smolt","fishery",159468,14.7,9.21815034991346e-05,159453.3
"21","2",2019,"3F10513^^150048^R","3F10513^^150048^H",6,177,40,430,"smolt","fishery",185540,24.81,0.00013371779670152,185515.19
"22","2",2020,"3F10513^^150048^R","3F10513^^150048^H",7,182,40,430,"smolt","fishery",297535,63.14,0.000212210328196683,297471.86
"23","2",2021,"3F10513^^150048^R","3F10513^^150048^H",7,182,40,430,"smolt","fishery",312781,50.81,0.000162445928620984,312730.19
"24","2",2018,"3F10513^^150048^R","3F10513^^150048^H",7,185,40,430,"smolt","fishery",39867,3.29,8.25243936087491e-05,39863.71
"25","2",2021,"3F10513^^150048^R","3F10513^^150048^H",4,109,30,440,"smolt","fishery",44933,4.89,0.000108828700509648,44928.11
"26","2",2019,"3F10513^^150048^R","3F10513^^150048^H",5,121,30,440,"smolt","fishery",45332,4.95,0.000109194388070237,45327.05
"27","2",2018,"3F10513^^150048^R","3F10513^^150048^H",5,122,30,440,"smolt","fishery",8792,2.69,0.000305959963603276,8789.31
"28","2",2019,"3F10513^^150048^R","3F10513^^150048^H",6,177,40,440,"smolt","fishery",46385,1.61,3.47094966045058e-05,46383.39
"29","2",2020,"3F10513^^150048^R","3F10513^^150048^H",7,182,40,440,"smolt","fishery",340040,57.44,0.000168921303376073,339982.56
"30","2",2021,"3F10513^^150048^R","3F10513^^150048^H",7,182,40,440,"smolt","fishery",178732,17.6,9.84714544681423e-05,178714.4
"31","2",2018,"3F10513^^150048^R","3F10513^^150048^H",7,185,40,442,"smolt","fishery",39867,2.42,6.07018335967091e-05,39864.58
"32","2",2018,"3F10513^^150048^R","3F10513^^150048^H",5,122,30,450,"smolt","fishery",8792,9.08,0.00103275705186533,8782.92
"33","2",2019,"3F10513^^150048^R","3F10513^^150048^H",6,177,40,450,"smolt","fishery",92770,8.81,9.49660450576695e-05,92761.19
"34","2",2020,"3F10513^^150048^R","3F10513^^150048^H",7,182,40,450,"smolt","fishery",510060,114.29,0.000224071677841823,509945.71
"35","2",2021,"3F10513^^150048^R","3F10513^^150048^H",7,182,40,450,"smolt","fishery",312781,46.5,0.000148666319245734,312734.5
"36","2",2018,"3F10513^^150048^R","3F10513^^150048^H",7,185,40,450,"smolt","fishery",239202,16.13,6.74325465506141e-05,239185.87
"37","2",2021,"3F10513^^150048^R","3F10513^^150048^H",4,109,30,460,"smolt","fishery",44933,1.93,4.29528408964458e-05,44931.07
"38","2",2019,"3F10513^^150048^R","3F10513^^150048^H",5,121,30,460,"smolt","fishery",45332,3.77,8.31642107120798e-05,45328.23
"39","2",2019,"3F10513^^150048^R","3F10513^^150048^H",6,177,40,460,"smolt","fishery",278310,18.77,6.74427796342208e-05,278291.23
"40","2",2020,"3F10513^^150048^R","3F10513^^150048^H",7,182,40,460,"smolt","fishery",467555,79.21,0.000169413224112671,467475.79
"41","2",2021,"3F10513^^150048^R","3F10513^^150048^H",7,182,40,460,"smolt","fishery",223415,41.36,0.000185126334400107,223373.64
"42","2",2018,"3F10513^^150048^R","3F10513^^150048^H",7,185,40,460,"smolt","fishery",119601,11.71,9.79088803605321e-05,119589.29
"43","2",2019,"3F10513^^150048^R","3F10513^^150048^H",6,177,40,463,"smolt","fishery",46385,4.21,9.07620998167511e-05,46380.79
"44","2",2020,"3F10513^^150048^R","3F10513^^150048^H",4,95,30,470,"smolt","fishery",45645,1.39,3.04524044254573e-05,45643.61
"45","2",2021,"3F10513^^150048^R","3F10513^^150048^H",4,109,30,470,"smolt","fishery",44933,4.06,9.03567533883782e-05,44928.94
"46","2",2019,"3F10513^^150048^R","3F10513^^150048^H",5,121,30,470,"smolt","fishery",45332,1.64,3.61775346333716e-05,45330.36
"47","2",2018,"3F10513^^150048^R","3F10513^^150048^H",5,122,30,470,"smolt","fishery",70614,6.81,9.64397994731923e-05,70607.19
"48","2",2019,"3F10513^^150048^R","3F10513^^150048^H",6,177,40,470,"smolt","fishery",556620,51.34,9.22352772088678e-05,556568.66
"49","2",2020,"3F10513^^150048^R","3F10513^^150048^H",7,182,40,470,"smolt","fishery",382545,49.98,0.000130651295925969,382495.02
"50","2",2021,"3F10513^^150048^R","3F10513^^150048^H",7,182,40,470,"smolt","fishery",446830,53.24,0.000119150459906452,446776.76
"51","2",2018,"3F10513^^150048^R","3F10513^^150048^H",7,185,40,470,"smolt","fishery",119601,20.55,0.000171821305841924,119580.45
"52","2",2019,"3F10513^^150048^R","3F10513^^150048^H",5,121,30,480,"smolt","fishery",45332,3.55,7.8311126797847e-05,45328.45
"53","2",2018,"3F10513^^150048^R","3F10513^^150048^H",5,122,30,480,"smolt","fishery",70614,9.8,0.000138782677655989,70604.2
"54","2",2019,"3F10513^^150048^R","3F10513^^150048^H",6,177,40,480,"smolt","fishery",185540,26.53,0.000142988034925084,185513.47
"55","2",2020,"3F10513^^150048^R","3F10513^^150048^H",7,182,40,480,"smolt","fishery",425050,85,0.000199976473356076,424965
"56","2",2021,"3F10513^^150048^R","3F10513^^150048^H",7,182,40,480,"smolt","fishery",536196,64.83,0.000120907280173668,536131.17
"57","2",2018,"3F10513^^150048^R","3F10513^^150048^H",7,185,40,480,"smolt","fishery",119601,8.43,7.0484360498658e-05,119592.57
"58","2",2020,"3F10513^^150048^R","3F10513^^150048^H",4,95,30,490,"smolt","fishery",45645,2.55,5.58659217877095e-05,45642.45
"59","2",2021,"3F10513^^150048^R","3F10513^^150048^H",4,109,30,490,"smolt","fishery",89866,9.95,0.000110720405937729,89856.05
"60","2",2019,"3F10513^^150048^R","3F10513^^150048^H",5,121,30,490,"smolt","fishery",90664,8.26,9.11056207535516e-05,90655.74
"61","2",2018,"3F10513^^150048^R","3F10513^^150048^H",5,122,30,490,"smolt","fishery",61822,5.61,9.074439519912e-05,61816.39
"62","2",2019,"3F10513^^150048^R","3F10513^^150048^H",6,177,40,490,"smolt","fishery",371080,40.76,0.000109841543602458,371039.24
"63","2",2020,"3F10513^^150048^R","3F10513^^150048^H",7,182,40,490,"smolt","fishery",212525,21.6,0.000101635101752735,212503.4
"64","2",2021,"3F10513^^150048^R","3F10513^^150048^H",7,182,40,490,"smolt","fishery",446830,48.55,0.000108654298055189,446781.45
"65","2",2018,"3F10513^^150048^R","3F10513^^150048^H",7,185,40,490,"smolt","fishery",159468,16.75,0.000105036747184388,159451.25
"66","2",2019,"3F10513^^150048^R","3F10513^^150048^H",6,177,40,496,"smolt","fishery",46385,3.73,8.04139269160289e-05,46381.27
"67","2",2020,"3F10513^^150048^R","3F10513^^150048^H",4,95,30,500,"smolt","fishery",45645,2.11,4.62263117537518e-05,45642.89
"68","2",2019,"3F10513^^150048^R","3F10513^^150048^H",5,121,30,500,"smolt","fishery",135996,12.36,9.08850260301774e-05,135983.64
"69","2",2019,"3F10513^^150048^R","3F10513^^150048^H",6,177,40,500,"smolt","fishery",417465,56.33,0.000134933467476315,417408.67
"70","2",2020,"3F10513^^150048^R","3F10513^^150048^H",7,182,40,500,"smolt","fishery",637575,57.41,9.0044308512724e-05,637517.59
"71","2",2021,"3F10513^^150048^R","3F10513^^150048^H",7,182,40,500,"smolt","fishery",759611,144.05,0.000189636537648876,759466.95
"72","2",2018,"3F10513^^150048^R","3F10513^^150048^H",7,185,40,500,"smolt","fishery",79734,4.61,5.78172423307497e-05,79729.39
"73","2",2019,"3F10513^^150048^R","3F10513^^150048^H",6,177,40,502,"smolt","fishery",46385,4.28,9.22712083647731e-05,46380.72
"74","2",2020,"3F10513^^150048^R","3F10513^^150048^H",4,95,30,510,"smolt","fishery",45645,1.5,3.28623069339468e-05,45643.5
"75","2",2021,"3F10513^^150048^R","3F10513^^150048^H",4,109,30,510,"smolt","fishery",179732,18.58,0.000103376137805177,179713.42
"76","2",2019,"3F10513^^150048^R","3F10513^^150048^H",5,121,30,510,"smolt","fishery",181328,10.67,5.88436424600724e-05,181317.33
"77","2",2018,"3F10513^^150048^R","3F10513^^150048^H",5,122,30,510,"smolt","fishery",70614,12.34,0.000174752881864786,70601.66
"78","2",2019,"3F10513^^150048^R","3F10513^^150048^H",6,177,40,510,"smolt","fishery",324695,44.15,0.000135973759990145,324650.85
"79","2",2020,"3F10513^^150048^R","3F10513^^150048^H",7,182,40,510,"smolt","fishery",340040,48.08,0.000141395129984708,339991.92
"80","2",2021,"3F10513^^150048^R","3F10513^^150048^H",7,182,40,510,"smolt","fishery",536196,77.68,0.000144872397406918,536118.32
"81","2",2018,"3F10513^^150048^R","3F10513^^150048^H",7,185,40,510,"smolt","fishery",119601,7.01,5.86115500706516e-05,119593.99
"82","2",2019,"3F10513^^150048^R","3F10513^^150048^H",6,177,40,518,"smolt","fishery",46385,3.36,7.24372103050555e-05,46381.64
"83","2",2020,"3F10513^^150048^R","3F10513^^150048^H",4,95,30,520,"smolt","fishery",45645,3.32,7.27352393471355e-05,45641.68
"84","2",2021,"3F10513^^150048^R","3F10513^^150048^H",4,109,30,520,"smolt","fishery",89866,11.6,0.000129081076269112,89854.4
"85","2",2019,"3F10513^^150048^R","3F10513^^150048^H",5,121,30,520,"smolt","fishery",135996,8.17,6.00752963322451e-05,135987.83
"86","2",2018,"3F10513^^150048^R","3F10513^^150048^H",5,122,30,520,"smolt","fishery",132436,15.09,0.000113941828505844,132420.91
"87","2",2019,"3F10513^^150048^R","3F10513^^150048^H",6,177,40,520,"smolt","fishery",463850,57.52,0.000124005605260321,463792.48
"88","2",2020,"3F10513^^150048^R","3F10513^^150048^H",7,182,40,520,"smolt","fishery",340040,52.1,0.00015321726855664,339987.9
"89","2",2021,"3F10513^^150048^R","3F10513^^150048^H",7,182,40,520,"smolt","fishery",625562,82.46,0.000131817469731218,625479.54
"90","2",2018,"3F10513^^150048^R","3F10513^^150048^H",7,185,40,520,"smolt","fishery",39867,4.61,0.000115634484661499,39862.39
"91","2",2020,"3F10513^^150048^R","3F10513^^150048^H",7,182,40,523,"smolt","fishery",42505,3.46,8.1402187977885e-05,42501.54
"92","2",2021,"3F10513^^150048^R","3F10513^^150048^H",7,182,40,524,"smolt","fishery",44683,3.24,7.25107982901775e-05,44679.76
"93","2",2019,"3F10513^^150048^R","3F10513^^150048^H",5,121,30,529,"smolt","fishery",45332,6.91,0.000152430953851584,45325.09
"94","2",2020,"3F10513^^150048^R","3F10513^^150048^H",4,95,30,530,"smolt","fishery",45645,1.4,3.06714864716836e-05,45643.6
"95","2",2021,"3F10513^^150048^R","3F10513^^150048^H",4,109,30,530,"smolt","fishery",134799,15.66,0.000116172968642201,134783.34
"96","2",2019,"3F10513^^150048^R","3F10513^^150048^H",5,121,30,530,"smolt","fishery",226660,20.5,9.04438365834289e-05,226639.5
"97","2",2018,"3F10513^^150048^R","3F10513^^150048^H",5,122,30,530,"smolt","fishery",132436,17.59,0.000132818871001842,132418.41
"98","2",2019,"3F10513^^150048^R","3F10513^^150048^H",6,177,40,530,"smolt","fishery",371080,58.52,0.000157701843268298,371021.48
"99","2",2020,"3F10513^^150048^R","3F10513^^150048^H",7,182,40,530,"smolt","fishery",510060,75.12,0.000147276790965769,509984.88
"100","2",2021,"3F10513^^150048^R","3F10513^^150048^H",7,182,40,530,"smolt","fishery",670245,86.82,0.000129534722377638,670158.18
"101","2",2018,"3F10513^^150048^R","3F10513^^150048^H",7,185,40,530,"smolt","fishery",39867,3.25,8.15210575162415e-05,39863.75
"102","2",2019,"3F10513^^150048^R","3F10513^^150048^H",6,177,40,539,"smolt","fishery",46385,3.71,7.99827530451655e-05,46381.29
"103","2",2020,"3F10513^^150048^R","3F10513^^150048^H",4,95,30,540,"smolt","fishery",45645,5.94,0.000130134735458429,45639.06
"104","2",2021,"3F10513^^150048^R","3F10513^^150048^H",4,109,30,540,"smolt","fishery",44933,4.2,9.34725035052189e-05,44928.8
"105","2",2019,"3F10513^^150048^R","3F10513^^150048^H",5,121,30,540,"smolt","fishery",226660,24.29,0.000107164916615195,226635.71
"106","2",2018,"3F10513^^150048^R","3F10513^^150048^H",5,122,30,540,"smolt","fishery",132436,22.82,0.00017230964390347,132413.18
"107","2",2019,"3F10513^^150048^R","3F10513^^150048^H",6,177,40,540,"smolt","fishery",556620,48.82,8.77079515648018e-05,556571.18
"108","2",2020,"3F10513^^150048^R","3F10513^^150048^H",7,182,40,540,"smolt","fishery",467555,95.03,0.000203248815647357,467459.97
"109","2",2021,"3F10513^^150048^R","3F10513^^150048^H",7,182,40,540,"smolt","fishery",402147,52.62,0.00013084767510388,402094.38
"110","2",2018,"3F10513^^150048^R","3F10513^^150048^H",7,185,40,540,"smolt","fishery",39867,1.68,4.21401158853187e-05,39865.32
"111","2",2018,"3F10513^^150048^R","3F10513^^150048^H",5,122,30,545,"smolt","fishery",8792,3.01,0.000342356687898089,8788.99
"112","2",2020,"3F10513^^150048^R","3F10513^^150048^H",4,95,30,550,"smolt","fishery",45645,1.4,3.06714864716836e-05,45643.6
"113","2",2021,"3F10513^^150048^R","3F10513^^150048^H",4,109,30,550,"smolt","fishery",134799,10.63,7.88581517667045e-05,134788.37
"114","2",2019,"3F10513^^150048^R","3F10513^^150048^H",5,121,30,550,"smolt","fishery",407988,30.33,7.43404217771111e-05,407957.67
"115","2",2018,"3F10513^^150048^R","3F10513^^150048^H",5,122,30,550,"smolt","fishery",163347,21.74,0.000133090904638591,163325.26
"116","2",2019,"3F10513^^150048^R","3F10513^^150048^H",6,177,40,550,"smolt","fishery",231925,17.43,7.51536056914951e-05,231907.57
"117","2",2020,"3F10513^^150048^R","3F10513^^150048^H",7,182,40,550,"smolt","fishery",255030,40.56,0.000159040112927891,254989.44
"118","2",2021,"3F10513^^150048^R","3F10513^^150048^H",7,182,40,550,"smolt","fishery",178732,24.78,0.000138643331915941,178707.22
"119","2",2018,"3F10513^^150048^R","3F10513^^150048^H",7,185,40,550,"smolt","fishery",39867,3.56,8.92969122331753e-05,39863.44
"120","2",2020,"3F10513^^150048^R","3F10513^^150048^H",4,95,30,560,"smolt","fishery",45645,7.26,0.000159053565560302,45637.74
"121","2",2019,"3F10513^^150048^R","3F10513^^150048^H",5,121,30,560,"smolt","fishery",181328,26.63,0.000146860937086385,181301.37
"122","2",2018,"3F10513^^150048^R","3F10513^^150048^H",5,122,30,560,"smolt","fishery",61822,4.82,7.79657727022743e-05,61817.18
"123","2",2019,"3F10513^^150048^R","3F10513^^150048^H",6,177,40,560,"smolt","fishery",417465,31.43,7.52877486735415e-05,417433.57
"124","2",2020,"3F10513^^150048^R","3F10513^^150048^H",7,182,40,560,"smolt","fishery",212525,34.01,0.000160028231972709,212490.99
"125","2",2021,"3F10513^^150048^R","3F10513^^150048^H",7,182,40,560,"smolt","fishery",491513,62.06,0.00012626319141101,491450.94
"126","2",2018,"3F10513^^150048^R","3F10513^^150048^H",7,185,40,560,"smolt","fishery",79734,5.94,7.44977048686884e-05,79728.06
"127","2",2020,"3F10513^^150048^R","3F10513^^150048^H",4,95,30,570,"smolt","fishery",91290,3.05,3.34100120495125e-05,91286.95
"128","2",2021,"3F10513^^150048^R","3F10513^^150048^H",4,109,30,570,"smolt","fishery",179732,17.81,9.90919813945207e-05,179714.19
"129","2",2019,"3F10513^^150048^R","3F10513^^150048^H",5,121,30,570,"smolt","fishery",407988,31.59,7.74287479043501e-05,407956.41
"130","2",2018,"3F10513^^150048^R","3F10513^^150048^H",5,122,30,570,"smolt","fishery",247288,20.13,8.14030603992106e-05,247267.87
"131","2",2019,"3F10513^^150048^R","3F10513^^150048^H",6,177,40,570,"smolt","fishery",278310,29.83,0.000107182638065467,278280.17
"132","2",2020,"3F10513^^150048^R","3F10513^^150048^H",7,182,40,570,"smolt","fishery",212525,34.77,0.000163604281849194,212490.23
"133","2",2021,"3F10513^^150048^R","3F10513^^150048^H",7,182,40,570,"smolt","fishery",357464,35.36,9.8919051988452e-05,357428.64
"134","2",2019,"3F10513^^150048^R","3F10513^^150048^H",6,177,40,575,"smolt","fishery",46385,2.69,5.79928856311308e-05,46382.31
"135","2",2020,"3F10513^^150048^R","3F10513^^150048^H",4,95,30,580,"smolt","fishery",45645,6.01,0.000131668309782013,45638.99
"136","2",2021,"3F10513^^150048^R","3F10513^^150048^H",4,109,30,580,"smolt","fishery",224665,20.4,9.08018605479269e-05,224644.6
"137","2",2019,"3F10513^^150048^R","3F10513^^150048^H",5,121,30,580,"smolt","fishery",407988,41.54,0.000101816720099611,407946.46
"138","2",2018,"3F10513^^150048^R","3F10513^^150048^H",5,122,30,580,"smolt","fishery",92733,8.83,9.52196089849352e-05,92724.17
"139","2",2019,"3F10513^^150048^R","3F10513^^150048^H",6,177,40,580,"smolt","fishery",278310,18.46,6.6328913801157e-05,278291.54
"140","2",2020,"3F10513^^150048^R","3F10513^^150048^H",7,182,40,580,"smolt","fishery",212525,23.03,0.000108363721915069,212501.97
"141","2",2021,"3F10513^^150048^R","3F10513^^150048^H",7,182,40,580,"smolt","fishery",223415,29.39,0.000131548911219032,223385.61
"142","2",2018,"3F10513^^150048^R","3F10513^^150048^H",7,185,40,580,"smolt","fishery",39867,2.69,6.74743522211353e-05,39864.31
"143","2",2020,"3F10513^^150048^R","3F10513^^150048^H",4,95,30,590,"smolt","fishery",45645,2.11,4.62263117537518e-05,45642.89
"144","2",2021,"3F10513^^150048^R","3F10513^^150048^H",4,109,30,590,"smolt","fishery",179732,15.18,8.44590835243585e-05,179716.82
"145","2",2019,"3F10513^^150048^R","3F10513^^150048^H",5,121,30,590,"smolt","fishery",317324,44.22,0.000139352838108684,317279.78
"146","2",2018,"3F10513^^150048^R","3F10513^^150048^H",5,122,30,590,"smolt","fishery",48495,15.45,0.00031858954531395,48479.55
"147","2",2019,"3F10513^^150048^R","3F10513^^150048^H",6,177,40,590,"smolt","fishery",278310,35.46,0.000127411878840142,278274.54
"148","2",2020,"3F10513^^150048^R","3F10513^^150048^H",7,182,40,590,"smolt","fishery",85010,5.77,6.78743677214445e-05,85004.23
"149","2",2021,"3F10513^^150048^R","3F10513^^150048^H",7,182,40,590,"smolt","fishery",223415,24.19,0.000108273840162926,223390.81
"150","2",2018,"3F10513^^150048^R","3F10513^^150048^H",7,185,40,590,"smolt","fishery",39867,2.69,6.74743522211353e-05,39864.31
"151","2",2020,"3F10513^^150048^R","3F10513^^150048^H",4,95,30,600,"smolt","fishery",45645,5.27,0.000115456238361266,45639.73
"152","2",2021,"3F10513^^150048^R","3F10513^^150048^H",4,109,30,600,"smolt","fishery",89866,6.89,7.66697082322569e-05,89859.11
"153","2",2019,"3F10513^^150048^R","3F10513^^150048^H",5,121,30,600,"smolt","fishery",362656,25.94,7.15278390540898e-05,362630.06
"154","2",2018,"3F10513^^150048^R","3F10513^^150048^H",5,122,30,600,"smolt","fishery",101525,11.31,0.00011140113272593,101513.69
"155","2",2019,"3F10513^^150048^R","3F10513^^150048^H",6,177,40,600,"smolt","fishery",278310,15.79,5.67352951744458e-05,278294.21
"156","2",2020,"3F10513^^150048^R","3F10513^^150048^H",7,182,40,600,"smolt","fishery",212525,27.74,0.000130525820491707,212497.26
"157","2",2021,"3F10513^^150048^R","3F10513^^150048^H",7,182,40,600,"smolt","fishery",89366,10.88,0.000121746525524249,89355.12
"158","2",2018,"3F10513^^150048^R","3F10513^^150048^H",7,185,40,600,"smolt","fishery",39867,2.93,7.34943687761808e-05,39864.07
"159","2",2021,"3F10513^^150048^R","3F10513^^150048^H",4,109,30,610,"smolt","fishery",44933,4.2,9.34725035052189e-05,44928.8
"160","2",2019,"3F10513^^150048^R","3F10513^^150048^H",5,121,30,610,"smolt","fishery",226660,29.26,0.000129092032118592,226630.74
"161","2",2018,"3F10513^^150048^R","3F10513^^150048^H",5,122,30,610,"smolt","fishery",92733,8.81,9.5003936031402e-05,92724.19
"162","2",2019,"3F10513^^150048^R","3F10513^^150048^H",6,177,40,610,"smolt","fishery",46385,1.55,3.34159749919155e-05,46383.45
"163","2",2020,"3F10513^^150048^R","3F10513^^150048^H",7,182,40,610,"smolt","fishery",127515,12.78,0.00010022350311728,127502.22
"164","2",2020,"3F10513^^150048^R","3F10513^^150048^H",4,95,30,620,"smolt","fishery",45645,3.05,6.68200240990251e-05,45641.95
"165","2",2021,"3F10513^^150048^R","3F10513^^150048^H",4,109,30,620,"smolt","fishery",44933,3.77,8.39026995749227e-05,44929.23
"166","2",2019,"3F10513^^150048^R","3F10513^^150048^H",5,121,30,620,"smolt","fishery",317324,20.92,6.59263087569802e-05,317303.08
"167","2",2018,"3F10513^^150048^R","3F10513^^150048^H",5,122,30,620,"smolt","fishery",123644,18.68,0.00015107890395005,123625.32
"168","2",2019,"3F10513^^150048^R","3F10513^^150048^H",6,177,40,620,"smolt","fishery",46385,1.55,3.34159749919155e-05,46383.45
"169","2",2020,"3F10513^^150048^R","3F10513^^150048^H",7,182,40,620,"smolt","fishery",42505,5.27,0.000123985413480767,42499.73
"170","2",2021,"3F10513^^150048^R","3F10513^^150048^H",7,182,40,620,"smolt","fishery",44683,5.75,0.00012868428708905,44677.25
"171","2",2018,"3F10513^^150048^R","3F10513^^150048^H",7,185,40,620,"smolt","fishery",39867,1.68,4.21401158853187e-05,39865.32
"172","2",2020,"3F10513^^150048^R","3F10513^^150048^H",4,95,30,630,"smolt","fishery",45645,3.05,6.68200240990251e-05,45641.95
"173","2",2019,"3F10513^^150048^R","3F10513^^150048^H",5,121,30,630,"smolt","fishery",317324,19.25,6.06635489279096e-05,317304.75
"174","2",2018,"3F10513^^150048^R","3F10513^^150048^H",5,122,30,630,"smolt","fishery",92733,8.81,9.5003936031402e-05,92724.19
"175","2",2019,"3F10513^^150048^R","3F10513^^150048^H",6,177,40,630,"smolt","fishery",46385,3.77,8.12762746577557e-05,46381.23
"176","2",2021,"3F10513^^150048^R","3F10513^^150048^H",7,182,40,630,"smolt","fishery",89366,8.72,9.75762594275228e-05,89357.28
"177","2",2019,"3F10513^^150048^R","3F10513^^150048^H",5,121,30,640,"smolt","fishery",181328,8.52,4.69866760787082e-05,181319.48
"178","2",2019,"3F10513^^150048^R","3F10513^^150048^H",6,177,40,640,"smolt","fishery",46385,3.22,6.94189932090115e-05,46381.78
"179","2",2019,"3F10513^^150048^R","3F10513^^150048^H",5,121,30,650,"smolt","fishery",90664,5.74,6.33106856084002e-05,90658.26
"180","2",2018,"3F10513^^150048^R","3F10513^^150048^H",5,122,30,650,"smolt","fishery",30911,2.93,9.47882630778687e-05,30908.07
"181","2",2019,"3F10513^^150048^R","3F10513^^150048^H",6,177,40,650,"smolt","fishery",46385,3.92,8.45100786892314e-05,46381.08
"182","2",2020,"3F10513^^150048^R","3F10513^^150048^H",4,95,30,660,"smolt","fishery",45645,2.15,4.7102639938657e-05,45642.85
"183","2",2021,"3F10513^^150048^R","3F10513^^150048^H",4,109,30,660,"smolt","fishery",44933,3.77,8.39026995749227e-05,44929.23
"184","2",2019,"3F10513^^150048^R","3F10513^^150048^H",5,121,30,660,"smolt","fishery",45332,2.11,4.65454866319598e-05,45329.89
"185","2",2018,"3F10513^^150048^R","3F10513^^150048^H",5,122,30,660,"smolt","fishery",70614,7.4,0.000104795083127992,70606.6
"186","2",2021,"3F10513^^150048^R","3F10513^^150048^H",4,109,30,670,"smolt","fishery",44933,9.67,0.000215209311641778,44923.33
"187","2",2019,"3F10513^^150048^R","3F10513^^150048^H",5,121,30,670,"smolt","fishery",45332,0,0,45332
"188","2",2018,"3F10513^^150048^R","3F10513^^150048^H",5,122,30,670,"smolt","fishery",61822,6.53,0.000105625828992915,61815.47
"189","2",2019,"3F10513^^150048^R","3F10513^^150048^H",6,177,40,670,"smolt","fishery",46385,3.77,8.12762746577557e-05,46381.23
"190","2",2020,"3F10513^^150048^R","3F10513^^150048^H",7,182,40,670,"smolt","fishery",42505,2.21,5.19938830725797e-05,42502.79
"191","2",2019,"3F10513^^150048^R","3F10513^^150048^H",5,121,30,720,"smolt","fishery",90664,5.41,5.96708726727257e-05,90658.59
"192","2",2019,"3F10513^^150048^R","3F10513^^150048^H",5,121,30,730,"smolt","fishery",45332,1.58,3.48539662931263e-05,45330.42
"193","2",2021,"3F10513^^150048^R","3F10513^^150048^H",7,182,40,300,"smolt","hatchery",44683,1,2.23798760154869e-05,44682
"194","2",2021,"3F10513^^150048^R","3F10513^^150048^H",7,182,40,330,"smolt","hatchery",44683,1,2.23798760154869e-05,44682
"195","2",2018,"3F10513^^150048^R","3F10513^^150048^H",5,122,30,340,"smolt","hatchery",30911,1,3.23509430299893e-05,30910
"196","2",2018,"3F10513^^150048^R","3F10513^^150048^H",7,185,40,340,"smolt","hatchery",39867,1,2.50834023126897e-05,39866
"197","2",2021,"3F10513^^150048^R","3F10513^^150048^H",7,182,40,350,"smolt","hatchery",44683,2,4.47597520309737e-05,44681
"198","2",2021,"3F10513^^150048^R","3F10513^^150048^H",7,182,40,360,"smolt","hatchery",44683,1,2.23798760154869e-05,44682
"199","2",2018,"3F10513^^150048^R","3F10513^^150048^H",7,185,40,360,"smolt","hatchery",39867,2,5.01668046253794e-05,39865
"200","2",2019,"3F10513^^150048^R","3F10513^^150048^H",6,177,40,370,"smolt","hatchery",46385,1,2.15586935431713e-05,46384
"201","2",2020,"3F10513^^150048^R","3F10513^^150048^H",7,182,40,370,"smolt","hatchery",42505,4,9.41065756969768e-05,42501
"202","2",2021,"3F10513^^150048^R","3F10513^^150048^H",7,182,40,370,"smolt","hatchery",44683,6,0.000134279256092921,44677
"203","2",2018,"3F10513^^150048^R","3F10513^^150048^H",7,185,40,370,"smolt","hatchery",39867,6,0.000150500413876138,39861
"204","2",2019,"3F10513^^150048^R","3F10513^^150048^H",6,177,40,380,"smolt","hatchery",46385,1,2.15586935431713e-05,46384
"205","2",2020,"3F10513^^150048^R","3F10513^^150048^H",7,182,40,380,"smolt","hatchery",42505,4,9.41065756969768e-05,42501
"206","2",2021,"3F10513^^150048^R","3F10513^^150048^H",7,182,40,380,"smolt","hatchery",89366,9.02,0.000100933240829846,89356.98
"207","2",2018,"3F10513^^150048^R","3F10513^^150048^H",7,185,40,380,"smolt","hatchery",39867,4,0.000100333609250759,39863
"208","2",2019,"3F10513^^150048^R","3F10513^^150048^H",5,121,30,390,"smolt","hatchery",45332,1,2.20594723374217e-05,45331
"209","2",2018,"3F10513^^150048^R","3F10513^^150048^H",5,122,30,390,"smolt","hatchery",30911,2,6.47018860599786e-05,30909
"210","2",2019,"3F10513^^150048^R","3F10513^^150048^H",6,177,40,390,"smolt","hatchery",46385,1,2.15586935431713e-05,46384
"211","2",2020,"3F10513^^150048^R","3F10513^^150048^H",7,182,40,390,"smolt","hatchery",42505,10,0.000235266439242442,42495
"212","2",2021,"3F10513^^150048^R","3F10513^^150048^H",7,182,40,390,"smolt","hatchery",44683,12,0.000268558512185842,44671
"213","2",2018,"3F10513^^150048^R","3F10513^^150048^H",7,185,40,390,"smolt","hatchery",39867,7,0.000175583816188828,39860
"214","2",2019,"3F10513^^150048^R","3F10513^^150048^H",6,177,40,400,"smolt","hatchery",46385,3,6.46760806295139e-05,46382
"215","2",2020,"3F10513^^150048^R","3F10513^^150048^H",7,182,40,400,"smolt","hatchery",42505,23,0.000541112810257617,42482
"216","2",2021,"3F10513^^150048^R","3F10513^^150048^H",7,182,40,400,"smolt","hatchery",44683,20,0.000447597520309738,44663
"217","2",2018,"3F10513^^150048^R","3F10513^^150048^H",7,185,40,400,"smolt","hatchery",39867,8,0.000200667218501518,39859
"218","2",2021,"3F10513^^150048^R","3F10513^^150048^H",4,109,30,410,"smolt","hatchery",44933,4,8.90214319097323e-05,44929
"219","2",2019,"3F10513^^150048^R","3F10513^^150048^H",5,121,30,410,"smolt","hatchery",45332,2,4.41189446748434e-05,45330
"220","2",2018,"3F10513^^150048^R","3F10513^^150048^H",5,122,30,410,"smolt","hatchery",30911,4,0.000129403772119957,30907
"221","2",2019,"3F10513^^150048^R","3F10513^^150048^H",6,177,40,410,"smolt","hatchery",92770,7.04,7.58866012719629e-05,92762.96
"222","2",2020,"3F10513^^150048^R","3F10513^^150048^H",7,182,40,410,"smolt","hatchery",42505,33,0.000776379249500059,42472
"223","2",2021,"3F10513^^150048^R","3F10513^^150048^H",7,182,40,410,"smolt","hatchery",44683,37,0.000828055412573014,44646
"224","2",2018,"3F10513^^150048^R","3F10513^^150048^H",7,185,40,410,"smolt","hatchery",39867,12,0.000301000827752276,39855
"225","2",2021,"3F10513^^150048^R","3F10513^^150048^H",4,109,30,420,"smolt","hatchery",44933,1,2.22553579774331e-05,44932
"226","2",2019,"3F10513^^150048^R","3F10513^^150048^H",5,121,30,420,"smolt","hatchery",45332,1,2.20594723374217e-05,45331
"227","2",2018,"3F10513^^150048^R","3F10513^^150048^H",5,122,30,420,"smolt","hatchery",30911,4,0.000129403772119957,30907
"228","2",2019,"3F10513^^150048^R","3F10513^^150048^H",6,177,40,420,"smolt","hatchery",46385,11,0.000237145628974884,46374
"229","2",2020,"3F10513^^150048^R","3F10513^^150048^H",7,182,40,420,"smolt","hatchery",42505,38,0.00089401246912128,42467
"230","2",2021,"3F10513^^150048^R","3F10513^^150048^H",7,182,40,420,"smolt","hatchery",44683,29,0.000649016404449119,44654
"231","2",2018,"3F10513^^150048^R","3F10513^^150048^H",7,185,40,420,"smolt","hatchery",39867,23,0.000576918253191863,39844
"232","2",2021,"3F10513^^150048^R","3F10513^^150048^H",4,109,30,430,"smolt","hatchery",44933,2,4.45107159548661e-05,44931
"233","2",2018,"3F10513^^150048^R","3F10513^^150048^H",5,122,30,430,"smolt","hatchery",39703,5,0.000125935067879002,39698
"234","2",2019,"3F10513^^150048^R","3F10513^^150048^H",6,177,40,430,"smolt","hatchery",92770,12.04,0.000129783335129891,92757.96
"235","2",2020,"3F10513^^150048^R","3F10513^^150048^H",7,182,40,430,"smolt","hatchery",42505,45,0.00105869897659099,42460
"236","2",2021,"3F10513^^150048^R","3F10513^^150048^H",7,182,40,430,"smolt","hatchery",44683,41,0.000917574916634962,44642
"237","2",2018,"3F10513^^150048^R","3F10513^^150048^H",7,185,40,430,"smolt","hatchery",39867,34,0.00085283567863145,39833
"238","2",2020,"3F10513^^150048^R","3F10513^^150048^H",4,95,30,440,"smolt","hatchery",45645,4,8.76328184905247e-05,45641
"239","2",2021,"3F10513^^150048^R","3F10513^^150048^H",4,109,30,440,"smolt","hatchery",44933,1,2.22553579774331e-05,44932
"240","2",2019,"3F10513^^150048^R","3F10513^^150048^H",5,121,30,440,"smolt","hatchery",45332,1,2.20594723374217e-05,45331
"241","2",2018,"3F10513^^150048^R","3F10513^^150048^H",5,122,30,440,"smolt","hatchery",39703,9,0.000226683122182203,39694
"242","2",2019,"3F10513^^150048^R","3F10513^^150048^H",6,177,40,440,"smolt","hatchery",92770,13.04,0.000140562681901477,92756.96
"243","2",2020,"3F10513^^150048^R","3F10513^^150048^H",7,182,40,440,"smolt","hatchery",42505,49,0.00115280555228797,42456
"244","2",2021,"3F10513^^150048^R","3F10513^^150048^H",7,182,40,440,"smolt","hatchery",44683,65,0.00145469194100665,44618
"245","2",2018,"3F10513^^150048^R","3F10513^^150048^H",7,185,40,440,"smolt","hatchery",39867,23,0.000576918253191863,39844
"246","2",2020,"3F10513^^150048^R","3F10513^^150048^H",4,95,30,450,"smolt","hatchery",45645,3,6.57246138678935e-05,45642
"247","2",2021,"3F10513^^150048^R","3F10513^^150048^H",4,109,30,450,"smolt","hatchery",44933,5,0.000111276789887165,44928
"248","2",2019,"3F10513^^150048^R","3F10513^^150048^H",5,121,30,450,"smolt","hatchery",45332,1,2.20594723374217e-05,45331
"249","2",2018,"3F10513^^150048^R","3F10513^^150048^H",5,122,30,450,"smolt","hatchery",39703,11,0.000277057149333804,39692
"250","2",2019,"3F10513^^150048^R","3F10513^^150048^H",6,177,40,450,"smolt","hatchery",46385,14,0.000301821709604398,46371
"251","2",2020,"3F10513^^150048^R","3F10513^^150048^H",7,182,40,450,"smolt","hatchery",42505,61,0.0014351252793789,42444
"252","2",2021,"3F10513^^150048^R","3F10513^^150048^H",7,182,40,450,"smolt","hatchery",44683,64,0.00143231206499116,44619
"253","2",2018,"3F10513^^150048^R","3F10513^^150048^H",7,185,40,450,"smolt","hatchery",39867,23,0.000576918253191863,39844
"254","2",2018,"3F10513^^150048^R","3F10513^^150048^H",5,122,30,460,"smolt","hatchery",39703,24,0.000604488325819208,39679
"255","2",2019,"3F10513^^150048^R","3F10513^^150048^H",6,177,40,460,"smolt","hatchery",46385,30,0.000646760806295139,46355
"256","2",2020,"3F10513^^150048^R","3F10513^^150048^H",7,182,40,460,"smolt","hatchery",42505,72,0.00169391836254558,42433
"257","2",2021,"3F10513^^150048^R","3F10513^^150048^H",7,182,40,460,"smolt","hatchery",44683,76,0.001700870577177,44607
"258","2",2018,"3F10513^^150048^R","3F10513^^150048^H",7,185,40,460,"smolt","hatchery",39867,28,0.000702335264755311,39839
"259","2",2020,"3F10513^^150048^R","3F10513^^150048^H",4,95,30,470,"smolt","hatchery",45645,2,4.38164092452623e-05,45643
"260","2",2021,"3F10513^^150048^R","3F10513^^150048^H",4,109,30,470,"smolt","hatchery",44933,2,4.45107159548661e-05,44931
"261","2",2019,"3F10513^^150048^R","3F10513^^150048^H",5,121,30,470,"smolt","hatchery",45332,2,4.41189446748434e-05,45330
"262","2",2018,"3F10513^^150048^R","3F10513^^150048^H",5,122,30,470,"smolt","hatchery",39703,14,0.000352618190061204,39689
"263","2",2019,"3F10513^^150048^R","3F10513^^150048^H",6,177,40,470,"smolt","hatchery",46385,37,0.000797671661097337,46348
"264","2",2020,"3F10513^^150048^R","3F10513^^150048^H",7,182,40,470,"smolt","hatchery",42505,51,0.00119985884013645,42454
"265","2",2021,"3F10513^^150048^R","3F10513^^150048^H",7,182,40,470,"smolt","hatchery",44683,74,0.00165611082514603,44609
"266","2",2018,"3F10513^^150048^R","3F10513^^150048^H",7,185,40,470,"smolt","hatchery",39867,17,0.000426417839315725,39850
"267","2",2020,"3F10513^^150048^R","3F10513^^150048^H",4,95,30,480,"smolt","hatchery",45645,2,4.38164092452623e-05,45643
"268","2",2021,"3F10513^^150048^R","3F10513^^150048^H",4,109,30,480,"smolt","hatchery",44933,6,0.000133532147864598,44927
"269","2",2019,"3F10513^^150048^R","3F10513^^150048^H",5,121,30,480,"smolt","hatchery",45332,8,0.000176475778699374,45324
"270","2",2018,"3F10513^^150048^R","3F10513^^150048^H",5,122,30,480,"smolt","hatchery",39703,25,0.000629675339395008,39678
"271","2",2019,"3F10513^^150048^R","3F10513^^150048^H",6,177,40,480,"smolt","hatchery",46385,35,0.000754554274010995,46350
"272","2",2020,"3F10513^^150048^R","3F10513^^150048^H",7,182,40,480,"smolt","hatchery",42505,60,0.00141159863545465,42445
"273","2",2021,"3F10513^^150048^R","3F10513^^150048^H",7,182,40,480,"smolt","hatchery",44683,83,0.00185752970928541,44600
"274","2",2018,"3F10513^^150048^R","3F10513^^150048^H",7,185,40,480,"smolt","hatchery",39867,30,0.000752502069380691,39837
"275","2",2020,"3F10513^^150048^R","3F10513^^150048^H",4,95,30,490,"smolt","hatchery",45645,6,0.000131449227735787,45639
"276","2",2021,"3F10513^^150048^R","3F10513^^150048^H",4,109,30,490,"smolt","hatchery",44933,10,0.000222553579774331,44923
"277","2",2019,"3F10513^^150048^R","3F10513^^150048^H",5,121,30,490,"smolt","hatchery",45332,5,0.000110297361687108,45327
"278","2",2018,"3F10513^^150048^R","3F10513^^150048^H",5,122,30,490,"smolt","hatchery",39703,27,0.000680049366546609,39676
"279","2",2019,"3F10513^^150048^R","3F10513^^150048^H",6,177,40,490,"smolt","hatchery",46385,30,0.000646760806295139,46355
"280","2",2020,"3F10513^^150048^R","3F10513^^150048^H",7,182,40,490,"smolt","hatchery",42505,66,0.00155275849900012,42439
"281","2",2021,"3F10513^^150048^R","3F10513^^150048^H",7,182,40,490,"smolt","hatchery",44683,87,0.00194704921334736,44596
"282","2",2018,"3F10513^^150048^R","3F10513^^150048^H",7,185,40,490,"smolt","hatchery",39867,24,0.000602001655504553,39843
"283","2",2020,"3F10513^^150048^R","3F10513^^150048^H",4,95,30,500,"smolt","hatchery",45645,4,8.76328184905247e-05,45641
"284","2",2021,"3F10513^^150048^R","3F10513^^150048^H",4,109,30,500,"smolt","hatchery",44933,10,0.000222553579774331,44923
"285","2",2019,"3F10513^^150048^R","3F10513^^150048^H",5,121,30,500,"smolt","hatchery",45332,24,0.000529427336098121,45308
"286","2",2018,"3F10513^^150048^R","3F10513^^150048^H",5,122,30,500,"smolt","hatchery",39703,37,0.000931919502304612,39666
"287","2",2019,"3F10513^^150048^R","3F10513^^150048^H",6,177,40,500,"smolt","hatchery",46385,50,0.00107793467715856,46335
"288","2",2020,"3F10513^^150048^R","3F10513^^150048^H",7,182,40,500,"smolt","hatchery",85010,61.02,0.000717797906128691,84948.98
"289","2",2021,"3F10513^^150048^R","3F10513^^150048^H",7,182,40,500,"smolt","hatchery",89366,85.02,0.000951368529418347,89280.98
"290","2",2018,"3F10513^^150048^R","3F10513^^150048^H",7,185,40,500,"smolt","hatchery",39867,15,0.000376251034690345,39852
"291","2",2020,"3F10513^^150048^R","3F10513^^150048^H",4,95,30,510,"smolt","hatchery",45645,5,0.000109541023113156,45640
"292","2",2021,"3F10513^^150048^R","3F10513^^150048^H",4,109,30,510,"smolt","hatchery",44933,11,0.000244808937751764,44922
"293","2",2019,"3F10513^^150048^R","3F10513^^150048^H",5,121,30,510,"smolt","hatchery",45332,18,0.00039707050207359,45314
"294","2",2018,"3F10513^^150048^R","3F10513^^150048^H",5,122,30,510,"smolt","hatchery",39703,41,0.00103266755660781,39662
"295","2",2019,"3F10513^^150048^R","3F10513^^150048^H",6,177,40,510,"smolt","hatchery",46385,43,0.000927023822356365,46342
"296","2",2020,"3F10513^^150048^R","3F10513^^150048^H",7,182,40,510,"smolt","hatchery",42505,43,0.0010116456887425,42462
"297","2",2021,"3F10513^^150048^R","3F10513^^150048^H",7,182,40,510,"smolt","hatchery",44683,74,0.00165611082514603,44609
"298","2",2018,"3F10513^^150048^R","3F10513^^150048^H",7,185,40,510,"smolt","hatchery",39867,12,0.000301000827752276,39855
"299","2",2020,"3F10513^^150048^R","3F10513^^150048^H",4,95,30,520,"smolt","hatchery",45645,3,6.57246138678935e-05,45642
"300","2",2021,"3F10513^^150048^R","3F10513^^150048^H",4,109,30,520,"smolt","hatchery",44933,9,0.000200298221796898,44924
"301","2",2019,"3F10513^^150048^R","3F10513^^150048^H",5,121,30,520,"smolt","hatchery",45332,26,0.000573546280772964,45306
"302","2",2018,"3F10513^^150048^R","3F10513^^150048^H",5,122,30,520,"smolt","hatchery",39703,37,0.000931919502304612,39666
"303","2",2019,"3F10513^^150048^R","3F10513^^150048^H",6,177,40,520,"smolt","hatchery",46385,46,0.000991699902985879,46339
"304","2",2020,"3F10513^^150048^R","3F10513^^150048^H",7,182,40,520,"smolt","hatchery",42505,42,0.000988119044818257,42463
"305","2",2021,"3F10513^^150048^R","3F10513^^150048^H",7,182,40,520,"smolt","hatchery",44683,88,0.00196942908936284,44595
"306","2",2018,"3F10513^^150048^R","3F10513^^150048^H",7,185,40,520,"smolt","hatchery",39867,11,0.000275917425439587,39856
"307","2",2020,"3F10513^^150048^R","3F10513^^150048^H",4,95,30,530,"smolt","hatchery",45645,5,0.000109541023113156,45640
"308","2",2021,"3F10513^^150048^R","3F10513^^150048^H",4,109,30,530,"smolt","hatchery",44933,14,0.000311575011684063,44919
"309","2",2019,"3F10513^^150048^R","3F10513^^150048^H",5,121,30,530,"smolt","hatchery",90664,34.04,0.000375452219182917,90629.96
"310","2",2018,"3F10513^^150048^R","3F10513^^150048^H",5,122,30,530,"smolt","hatchery",39703,57,0.00143565977382062,39646
"311","2",2019,"3F10513^^150048^R","3F10513^^150048^H",6,177,40,530,"smolt","hatchery",46385,54,0.00116416945133125,46331
"312","2",2020,"3F10513^^150048^R","3F10513^^150048^H",7,182,40,530,"smolt","hatchery",42505,26,0.000611692742030349,42479
"313","2",2021,"3F10513^^150048^R","3F10513^^150048^H",7,182,40,530,"smolt","hatchery",89366,82.02,0.000917798715395117,89283.98
"314","2",2018,"3F10513^^150048^R","3F10513^^150048^H",7,185,40,530,"smolt","hatchery",39867,10,0.000250834023126897,39857
"315","2",2020,"3F10513^^150048^R","3F10513^^150048^H",4,95,30,540,"smolt","hatchery",45645,3,6.57246138678935e-05,45642
"316","2",2021,"3F10513^^150048^R","3F10513^^150048^H",4,109,30,540,"smolt","hatchery",44933,10,0.000222553579774331,44923
"317","2",2019,"3F10513^^150048^R","3F10513^^150048^H",5,121,30,540,"smolt","hatchery",45332,33,0.000727962587134916,45299
"318","2",2018,"3F10513^^150048^R","3F10513^^150048^H",5,122,30,540,"smolt","hatchery",39703,57,0.00143565977382062,39646
"319","2",2019,"3F10513^^150048^R","3F10513^^150048^H",6,177,40,540,"smolt","hatchery",46385,36,0.000776112967554166,46349
"320","2",2020,"3F10513^^150048^R","3F10513^^150048^H",7,182,40,540,"smolt","hatchery",42505,24,0.000564639454181861,42481
"321","2",2021,"3F10513^^150048^R","3F10513^^150048^H",7,182,40,540,"smolt","hatchery",44683,62,0.00138755231296019,44621
"322","2",2018,"3F10513^^150048^R","3F10513^^150048^H",7,185,40,540,"smolt","hatchery",39867,7,0.000175583816188828,39860
"323","2",2020,"3F10513^^150048^R","3F10513^^150048^H",4,95,30,550,"smolt","hatchery",45645,5,0.000109541023113156,45640
"324","2",2021,"3F10513^^150048^R","3F10513^^150048^H",4,109,30,550,"smolt","hatchery",44933,11,0.000244808937751764,44922
"325","2",2019,"3F10513^^150048^R","3F10513^^150048^H",5,121,30,550,"smolt","hatchery",45332,43,0.000948557310509133,45289
"326","2",2018,"3F10513^^150048^R","3F10513^^150048^H",5,122,30,550,"smolt","hatchery",39703,53,0.00133491171951742,39650
"327","2",2019,"3F10513^^150048^R","3F10513^^150048^H",6,177,40,550,"smolt","hatchery",46385,31,0.00066831949983831,46354
"328","2",2020,"3F10513^^150048^R","3F10513^^150048^H",7,182,40,550,"smolt","hatchery",42505,19,0.00044700623456064,42486
"329","2",2021,"3F10513^^150048^R","3F10513^^150048^H",7,182,40,550,"smolt","hatchery",44683,48,0.00107423404874337,44635
"330","2",2018,"3F10513^^150048^R","3F10513^^150048^H",7,185,40,550,"smolt","hatchery",39867,5,0.000125417011563448,39862
"331","2",2020,"3F10513^^150048^R","3F10513^^150048^H",4,95,30,560,"smolt","hatchery",45645,2,4.38164092452623e-05,45643
"332","2",2021,"3F10513^^150048^R","3F10513^^150048^H",4,109,30,560,"smolt","hatchery",44933,13,0.00028931965370663,44920
"333","2",2019,"3F10513^^150048^R","3F10513^^150048^H",5,121,30,560,"smolt","hatchery",45332,53,0.00116915203388335,45279
"334","2",2018,"3F10513^^150048^R","3F10513^^150048^H",5,122,30,560,"smolt","hatchery",39703,51,0.00128453769236582,39652
"335","2",2019,"3F10513^^150048^R","3F10513^^150048^H",6,177,40,560,"smolt","hatchery",46385,30,0.000646760806295139,46355
"336","2",2020,"3F10513^^150048^R","3F10513^^150048^H",7,182,40,560,"smolt","hatchery",42505,22,0.000517586166333373,42483
"337","2",2021,"3F10513^^150048^R","3F10513^^150048^H",7,182,40,560,"smolt","hatchery",44683,39,0.000872815164603988,44644
"338","2",2018,"3F10513^^150048^R","3F10513^^150048^H",7,185,40,560,"smolt","hatchery",39867,5,0.000125417011563448,39862
"339","2",2020,"3F10513^^150048^R","3F10513^^150048^H",4,95,30,570,"smolt","hatchery",45645,5,0.000109541023113156,45640
"340","2",2021,"3F10513^^150048^R","3F10513^^150048^H",4,109,30,570,"smolt","hatchery",44933,16,0.000356085727638929,44917
"341","2",2019,"3F10513^^150048^R","3F10513^^150048^H",5,121,30,570,"smolt","hatchery",45332,40,0.000882378893496868,45292
"342","2",2018,"3F10513^^150048^R","3F10513^^150048^H",5,122,30,570,"smolt","hatchery",39703,55,0.00138528574666902,39648
"343","2",2019,"3F10513^^150048^R","3F10513^^150048^H",6,177,40,570,"smolt","hatchery",46385,28,0.000603643419208796,46357
"344","2",2020,"3F10513^^150048^R","3F10513^^150048^H",7,182,40,570,"smolt","hatchery",42505,15,0.000352899658863663,42490
"345","2",2021,"3F10513^^150048^R","3F10513^^150048^H",7,182,40,570,"smolt","hatchery",44683,41,0.000917574916634962,44642
"346","2",2018,"3F10513^^150048^R","3F10513^^150048^H",7,185,40,570,"smolt","hatchery",39867,4,0.000100333609250759,39863
"347","2",2020,"3F10513^^150048^R","3F10513^^150048^H",4,95,30,580,"smolt","hatchery",45645,1,2.19082046226312e-05,45644
"348","2",2021,"3F10513^^150048^R","3F10513^^150048^H",4,109,30,580,"smolt","hatchery",44933,10,0.000222553579774331,44923
"349","2",2019,"3F10513^^150048^R","3F10513^^150048^H",5,121,30,580,"smolt","hatchery",45332,41,0.000904438365834289,45291
"350","2",2018,"3F10513^^150048^R","3F10513^^150048^H",5,122,30,580,"smolt","hatchery",39703,42,0.00105785457018361,39661
"351","2",2019,"3F10513^^150048^R","3F10513^^150048^H",6,177,40,580,"smolt","hatchery",46385,22,0.000474291257949768,46363
"352","2",2020,"3F10513^^150048^R","3F10513^^150048^H",7,182,40,580,"smolt","hatchery",42505,11,0.000258793083166686,42494
"353","2",2021,"3F10513^^150048^R","3F10513^^150048^H",7,182,40,580,"smolt","hatchery",44683,21,0.000469977396325224,44662
"354","2",2020,"3F10513^^150048^R","3F10513^^150048^H",4,95,30,590,"smolt","hatchery",45645,4,8.76328184905247e-05,45641
"355","2",2021,"3F10513^^150048^R","3F10513^^150048^H",4,109,30,590,"smolt","hatchery",44933,10,0.000222553579774331,44923
"356","2",2019,"3F10513^^150048^R","3F10513^^150048^H",5,121,30,590,"smolt","hatchery",45332,34,0.000750022059472337,45298
"357","2",2018,"3F10513^^150048^R","3F10513^^150048^H",5,122,30,590,"smolt","hatchery",39703,45,0.00113341561091101,39658
"358","2",2019,"3F10513^^150048^R","3F10513^^150048^H",6,177,40,590,"smolt","hatchery",46385,13,0.000280263016061227,46372
"359","2",2020,"3F10513^^150048^R","3F10513^^150048^H",7,182,40,590,"smolt","hatchery",42505,7,0.000164686507469709,42498
"360","2",2021,"3F10513^^150048^R","3F10513^^150048^H",7,182,40,590,"smolt","hatchery",44683,19,0.000425217644294251,44664
"361","2",2018,"3F10513^^150048^R","3F10513^^150048^H",7,185,40,590,"smolt","hatchery",39867,5,0.000125417011563448,39862
"362","2",2020,"3F10513^^150048^R","3F10513^^150048^H",4,95,30,600,"smolt","hatchery",45645,1,2.19082046226312e-05,45644
"363","2",2021,"3F10513^^150048^R","3F10513^^150048^H",4,109,30,600,"smolt","hatchery",44933,7,0.000155787505842031,44926
"364","2",2019,"3F10513^^150048^R","3F10513^^150048^H",5,121,30,600,"smolt","hatchery",45332,36,0.000794141004147181,45296
"365","2",2018,"3F10513^^150048^R","3F10513^^150048^H",5,122,30,600,"smolt","hatchery",39703,44,0.00110822859733521,39659
"366","2",2019,"3F10513^^150048^R","3F10513^^150048^H",6,177,40,600,"smolt","hatchery",46385,15,0.000323380403147569,46370
"367","2",2020,"3F10513^^150048^R","3F10513^^150048^H",7,182,40,600,"smolt","hatchery",42505,6,0.000141159863545465,42499
"368","2",2021,"3F10513^^150048^R","3F10513^^150048^H",7,182,40,600,"smolt","hatchery",44683,4,8.95195040619475e-05,44679
"369","2",2020,"3F10513^^150048^R","3F10513^^150048^H",4,95,30,610,"smolt","hatchery",45645,2,4.38164092452623e-05,45643
"370","2",2021,"3F10513^^150048^R","3F10513^^150048^H",4,109,30,610,"smolt","hatchery",44933,10,0.000222553579774331,44923
"371","2",2019,"3F10513^^150048^R","3F10513^^150048^H",5,121,30,610,"smolt","hatchery",45332,16,0.000352951557398747,45316
"372","2",2018,"3F10513^^150048^R","3F10513^^150048^H",5,122,30,610,"smolt","hatchery",39703,29,0.000730423393698209,39674
"373","2",2019,"3F10513^^150048^R","3F10513^^150048^H",6,177,40,610,"smolt","hatchery",46385,6,0.000129352161259028,46379
"374","2",2020,"3F10513^^150048^R","3F10513^^150048^H",7,182,40,610,"smolt","hatchery",42505,4,9.41065756969768e-05,42501
"375","2",2021,"3F10513^^150048^R","3F10513^^150048^H",7,182,40,610,"smolt","hatchery",44683,4,8.95195040619475e-05,44679
"376","2",2020,"3F10513^^150048^R","3F10513^^150048^H",4,95,30,620,"smolt","hatchery",45645,2,4.38164092452623e-05,45643
"377","2",2021,"3F10513^^150048^R","3F10513^^150048^H",4,109,30,620,"smolt","hatchery",44933,7,0.000155787505842031,44926
"378","2",2019,"3F10513^^150048^R","3F10513^^150048^H",5,121,30,620,"smolt","hatchery",45332,18,0.00039707050207359,45314
"379","2",2018,"3F10513^^150048^R","3F10513^^150048^H",5,122,30,620,"smolt","hatchery",39703,26,0.000654862352970808,39677
"380","2",2019,"3F10513^^150048^R","3F10513^^150048^H",6,177,40,620,"smolt","hatchery",46385,2,4.31173870863426e-05,46383
"381","2",2020,"3F10513^^150048^R","3F10513^^150048^H",7,182,40,620,"smolt","hatchery",42505,3,7.05799317727326e-05,42502
"382","2",2021,"3F10513^^150048^R","3F10513^^150048^H",7,182,40,620,"smolt","hatchery",44683,6,0.000134279256092921,44677
"383","2",2020,"3F10513^^150048^R","3F10513^^150048^H",4,95,30,630,"smolt","hatchery",45645,2,4.38164092452623e-05,45643
"384","2",2021,"3F10513^^150048^R","3F10513^^150048^H",4,109,30,630,"smolt","hatchery",44933,2,4.45107159548661e-05,44931
"385","2",2019,"3F10513^^150048^R","3F10513^^150048^H",5,121,30,630,"smolt","hatchery",45332,21,0.000463248919085855,45311
"386","2",2018,"3F10513^^150048^R","3F10513^^150048^H",5,122,30,630,"smolt","hatchery",39703,16,0.000402992217212805,39687
"387","2",2021,"3F10513^^150048^R","3F10513^^150048^H",7,182,40,630,"smolt","hatchery",44683,1,2.23798760154869e-05,44682
"388","2",2020,"3F10513^^150048^R","3F10513^^150048^H",4,95,30,640,"smolt","hatchery",45645,1,2.19082046226312e-05,45644
"389","2",2021,"3F10513^^150048^R","3F10513^^150048^H",4,109,30,640,"smolt","hatchery",44933,3,6.67660739322992e-05,44930
"390","2",2019,"3F10513^^150048^R","3F10513^^150048^H",5,121,30,640,"smolt","hatchery",45332,10,0.000220594723374217,45322
"391","2",2018,"3F10513^^150048^R","3F10513^^150048^H",5,122,30,640,"smolt","hatchery",39703,18,0.000453366244364406,39685
"392","2",2019,"3F10513^^150048^R","3F10513^^150048^H",6,177,40,640,"smolt","hatchery",46385,2,4.31173870863426e-05,46383
"393","2",2020,"3F10513^^150048^R","3F10513^^150048^H",7,182,40,640,"smolt","hatchery",42505,4,9.41065756969768e-05,42501
"394","2",2021,"3F10513^^150048^R","3F10513^^150048^H",7,182,40,640,"smolt","hatchery",44683,5,0.000111899380077434,44678
"395","2",2021,"3F10513^^150048^R","3F10513^^150048^H",4,109,30,650,"smolt","hatchery",44933,4,8.90214319097323e-05,44929
"396","2",2019,"3F10513^^150048^R","3F10513^^150048^H",5,121,30,650,"smolt","hatchery",45332,6,0.00013235683402453,45326
"397","2",2018,"3F10513^^150048^R","3F10513^^150048^H",5,122,30,650,"smolt","hatchery",39703,16,0.000402992217212805,39687
"398","2",2019,"3F10513^^150048^R","3F10513^^150048^H",6,177,40,650,"smolt","hatchery",46385,2,4.31173870863426e-05,46383
"399","2",2021,"3F10513^^150048^R","3F10513^^150048^H",7,182,40,650,"smolt","hatchery",44683,2,4.47597520309737e-05,44681
"400","2",2020,"3F10513^^150048^R","3F10513^^150048^H",4,95,30,660,"smolt","hatchery",45645,1,2.19082046226312e-05,45644
"401","2",2021,"3F10513^^150048^R","3F10513^^150048^H",4,109,30,660,"smolt","hatchery",44933,1,2.22553579774331e-05,44932
"402","2",2019,"3F10513^^150048^R","3F10513^^150048^H",5,121,30,660,"smolt","hatchery",45332,2,4.41189446748434e-05,45330
"403","2",2018,"3F10513^^150048^R","3F10513^^150048^H",5,122,30,660,"smolt","hatchery",39703,6,0.000151122081454802,39697
"404","2",2019,"3F10513^^150048^R","3F10513^^150048^H",6,177,40,660,"smolt","hatchery",46385,1,2.15586935431713e-05,46384
"405","2",2020,"3F10513^^150048^R","3F10513^^150048^H",7,182,40,660,"smolt","hatchery",42505,1,2.35266439242442e-05,42504
"406","2",2021,"3F10513^^150048^R","3F10513^^150048^H",7,182,40,660,"smolt","hatchery",44683,2,4.47597520309737e-05,44681
"407","2",2020,"3F10513^^150048^R","3F10513^^150048^H",4,95,30,670,"smolt","hatchery",45645,1,2.19082046226312e-05,45644
"408","2",2021,"3F10513^^150048^R","3F10513^^150048^H",4,109,30,670,"smolt","hatchery",44933,1,2.22553579774331e-05,44932
"409","2",2019,"3F10513^^150048^R","3F10513^^150048^H",5,121,30,670,"smolt","hatchery",45332,5,0.000110297361687108,45327
"410","2",2018,"3F10513^^150048^R","3F10513^^150048^H",5,122,30,670,"smolt","hatchery",39703,8,0.000201496108606403,39695
"411","2",2021,"3F10513^^150048^R","3F10513^^150048^H",7,182,40,670,"smolt","hatchery",44683,1,2.23798760154869e-05,44682
"412","2",2021,"3F10513^^150048^R","3F10513^^150048^H",4,109,30,680,"smolt","hatchery",44933,2,4.45107159548661e-05,44931
"413","2",2019,"3F10513^^150048^R","3F10513^^150048^H",5,121,30,680,"smolt","hatchery",45332,4,8.82378893496868e-05,45328
"414","2",2018,"3F10513^^150048^R","3F10513^^150048^H",5,122,30,680,"smolt","hatchery",39703,8,0.000201496108606403,39695
"415","2",2019,"3F10513^^150048^R","3F10513^^150048^H",6,177,40,680,"smolt","hatchery",46385,1,2.15586935431713e-05,46384
"416","2",2019,"3F10513^^150048^R","3F10513^^150048^H",5,121,30,690,"smolt","hatchery",45332,3,6.61784170122651e-05,45329
"417","2",2018,"3F10513^^150048^R","3F10513^^150048^H",5,122,30,690,"smolt","hatchery",39703,3,7.55610407274009e-05,39700
"418","2",2021,"3F10513^^150048^R","3F10513^^150048^H",7,182,40,690,"smolt","hatchery",44683,2,4.47597520309737e-05,44681
"419","2",2021,"3F10513^^150048^R","3F10513^^150048^H",4,109,30,700,"smolt","hatchery",44933,1,2.22553579774331e-05,44932
"420","2",2018,"3F10513^^150048^R","3F10513^^150048^H",5,122,30,700,"smolt","hatchery",30911,3,9.7052829089968e-05,30908
"421","2",2018,"3F10513^^150048^R","3F10513^^150048^H",5,122,30,780,"smolt","hatchery",30911,1,3.23509430299893e-05,30910
"422","2",2018,"3F10513^^150048^R","3F10513^^150048^H",7,185,40,780,"smolt","hatchery",39867,1,2.50834023126897e-05,39866
